1;TC/GA;1.48;0.55;3.57;2.22;-0.64;38.81
2;CA/TG;-0.92;0.02;2.83;-2.78;9.25;26.36
3;AG/CT;0.33;-0.52;3.30;-0.36;8.77;36.60
4;GA/TC;0.08;0.12;3.51;6.74;-1.99;42.16
5;AA/TT;-0.59;-0.62;3.42;-7.95;12.33;34.22
6;AT/AT;-0.34;0.31;2.60;5.58;-0.36;18.75
7;TC/GA;-0.32;0.81;3.76;-1.80;5.59;40.38
8;CC/GG;0.78;-0.58;2.94;-3.30;5.69;35.53
9;CC/GG;-0.36;-1.39;4.07;2.33;12.93;32.03
10;CG/CG;0.77;-0.11;3.76;-1.88;24.44;33.28
11;GG/CC;0.61;0.87;3.24;-6.30;5.92;28.63
12;GT/AC;-0.72;0.15;2.67;1.48;-0.55;25.98
13;TG/CA;-0.79;0.86;3.48;-4.83;-6.38;45.10
14;GC/GC;1.07;0.13;3.54;6.35;4.07;36.88
15;CC/GG;-0.06;1.69;3.16;1.38;0.97;39.49
16;CG/CG;0.12;1.69;3.62;-5.69;-4.21;40.49
17;GA/TC;0.16;2.14;3.76;-0.17;-10.50;44.21
18;AG/CT;-0.52;0.19;3.40;-5.50;15.01;20.09
19;GG/CC;-0.14;0.08;3.27;0.80;0.55;32.84
20;GC/GC;-0.18;0.25;3.66;6.08;4.52;44.35
21;CC/GG;0.21;0.64;2.89;7.17;4.66;31.08
22;CG/CG;-0.07;-0.09;3.47;-5.99;12.80;37.61
23;GC/GC;1.16;0.00;3.31;4.44;14.00;32.10
24;CT/AG;-0.81;1.02;2.99;8.29;-6.20;31.02
25;TC/GA;0.26;1.69;3.11;-2.59;1.95;43.26
26;CA/TG;1.22;3.29;3.59;5.03;-12.30;46.03
27;AA/TT;-0.60;0.36;3.45;-7.40;-0.67;36.66
28;AT/AT;0.35;-1.01;3.87;-3.48;-2.86;34.91
29;TT/AA;0.50;-0.27;2.81;15.25;8.46;34.40
30;TG/CA;0.67;-0.66;3.74;-1.02;17.08;29.94
31;GG/CC;2.15;-0.22;3.70;7.40;8.37;34.96
32;GT/AC;-1.00;-0.36;2.85;0.66;6.47;28.98
33;TC/GA;0.62;0.37;3.14;6.40;4.88;45.70
34;CG/CG;0.33;-0.10;3.83;-5.02;17.18;34.00
35;GT/AC;-1.10;-0.02;3.20;-7.30;-6.58;29.93
36;TA/TA;-0.78;1.90;3.69;2.06;-12.95;47.87
37;AG/CT;1.59;2.26;2.96;-2.25;-9.77;30.53
38;GA/TC;-1.27;0.27;3.29;-0.89;16.17;40.30
39;AC/GT;-0.27;-0.41;3.09;-7.67;9.00;30.01
40;CA/TG;-0.38;-0.40;3.28;-4.75;18.15;19.42
41;AG/CT;-0.32;-0.11;3.71;-3.23;-0.23;36.83
42;GC/GC;-0.06;-0.47;3.62;-1.61;-4.08;39.58
43;CT/AG;0.11;-0.48;3.26;4.36;10.35;32.68
44;TC/GA;0.90;1.00;3.34;6.15;5.41;44.10
45;CT/AG;-0.93;0.89;3.69;-2.22;8.92;25.66
46;TA/TA;-0.81;1.93;3.26;-2.70;-11.30;47.19
47;AG/CT;0.22;0.77;3.18;-5.67;-6.72;38.23
48;GC/GC;-0.43;0.37;2.81;8.48;4.26;25.38
49;CA/TG;0.02;0.66;3.51;-7.55;22.00;28.59
50;AC/GT;0.24;-0.52;4.22;-9.21;1.43;44.43
51;CC/GG;-0.26;-2.00;3.14;5.93;4.48;27.21
52;CG/CG;-0.26;-0.67;2.62;3.14;13.32;20.94
53;GC/GC;0.16;-0.38;3.88;-1.75;-4.87;43.56
54;CT/AG;-0.18;-0.08;3.17;11.28;13.36;33.40
55;TT/AA;0.56;1.21;3.26;4.38;4.07;35.10
56;TA/TA;-0.13;2.52;2.69;-8.14;-3.80;40.03
57;AA/TT;-0.51;-0.15;4.24;-3.48;3.31;35.28
58;AA/TT;-0.75;1.62;3.57;-6.48;-1.33;44.22
59;AC/GT;-0.41;1.61;2.38;-3.30;6.44;26.76
60;CG/CG;-0.65;0.53;3.45;-4.06;12.39;35.72
61;GC/GC;0.55;0.26;3.60;-4.18;2.38;39.32
62;CA/TG;0.23;-0.52;3.18;7.44;12.62;30.30
63;AC/GT;0.11;-0.42;2.93;6.14;11.26;29.16
64;CG/CG;0.34;-0.08;3.75;4.21;18.80;32.46
65;GT/AC;-0.70;1.51;3.00;-3.35;-11.39;43.13
66;TA/TA;1.36;1.01;3.22;-1.25;-2.90;42.91
67;AC/GT;-0.44;0.35;3.35;0.76;1.72;30.34
68;CG/CG;-0.22;1.69;3.66;4.56;-2.87;44.98
69;GC/GC;-0.06;-0.02;2.70;-3.47;6.25;24.12
70;CG/CG;-0.01;0.33;3.95;-2.18;2.79;37.81
71;GC/GC;-0.07;-0.67;3.13;1.29;15.75;35.04
72;CT/AG;-0.16;-1.20;4.18;0.64;0.78;31.61
73;TG/CA;0.38;0.05;2.88;1.59;5.33;30.39
74;GT/AC;-0.57;0.24;3.50;-4.98;2.77;33.87
75;TC/GA;0.58;0.32;3.13;12.45;-1.79;34.09
76;CC/GG;0.17;2.09;3.81;1.04;-7.96;48.01
77;CC/GG;-0.58;1.62;2.89;2.42;3.91;30.69
78;CC/GG;0.76;2.00;3.62;-4.91;-2.96;48.87
79;CC/GG;-0.49;0.52;3.30;-2.26;6.15;33.36
80;CG/CG;-0.18;0.37;3.35;-8.05;15.68;32.31
81;GC/GC;0.82;0.08;3.49;-0.22;-7.80;43.17
82;CG/CG;-0.04;0.21;2.71;-2.09;6.87;33.47
83;GT/AC;-1.24;0.12;3.53;0.53;9.66;27.62
84;TT/AA;0.26;-0.41;3.22;2.22;12.71;32.42
85;TT/AA;0.13;-0.16;3.42;2.31;3.92;30.52
86;TT/AA;-0.60;3.02;3.77;0.10;-15.47;49.51
87;TA/TA;0.66;3.42;2.89;-5.27;-20.72;37.42
88;AA/TT;-1.24;0.55;3.78;-6.72;4.98;34.96
89;AC/GT;0.89;-0.96;3.61;-1.77;-1.06;39.71
90;CC/GG;-1.08;-1.31;3.28;1.22;13.70;21.18
91;CG/CG;-0.42;-0.98;3.46;-0.38;25.63;27.54
92;GC/GC;0.16;-0.14;2.77;1.58;1.60;34.39
93;CC/GG;-0.88;0.13;3.91;-6.42;-0.66;40.07
94;CA/TG;0.32;0.04;3.61;6.63;18.42;33.95
95;AA/TT;-0.38;-0.33;3.24;-2.91;-4.04;34.66
96;AG/CT;-0.10;0.29;3.13;2.63;6.86;40.27
97;GG/CC;0.94;0.13;3.60;5.54;3.67;32.75
98;GG/CC;-0.81;1.15;3.17;-10.83;1.81;31.53
99;GG/CC;0.92;0.46;3.07;-4.36;-13.91;41.45
100;GA/TC;-1.46;0.34;3.47;0.32;4.19;35.21
101;AT/AT;1.51;-0.75;3.77;7.49;5.28;32.08
102;TT/AA;-0.11;0.13;3.48;0.15;5.74;33.63
103;TA/TA;0.43;-0.69;3.37;5.01;19.06;32.18
104;AC/GT;-0.36;-0.07;2.67;-0.93;5.28;28.48
105;CT/AG;0.55;2.16;2.95;12.15;-0.23;30.73
106;TC/GA;0.44;2.02;3.73;3.46;5.24;40.22
107;CC/GG;1.41;1.28;3.73;6.15;-1.07;43.93
108;CC/GG;-0.52;0.90;3.56;-5.16;-2.97;39.99
109;CT/AG;0.10;0.19;3.05;4.60;4.82;29.90
110;TA/TA;0.69;-0.16;3.31;0.11;5.36;35.26
111;AG/CT;-0.55;0.19;3.61;-4.11;18.66;37.80
112;GT/AC;-0.10;-0.39;3.21;-6.15;0.41;30.16
113;TC/GA;-0.07;0.64;3.15;4.45;11.67;39.81
114;CT/AG;1.16;-0.02;3.10;1.22;13.43;19.10
115;TC/GA;-0.49;0.71;3.77;-1.15;8.11;40.32
116;CC/GG;0.39;2.40;3.02;13.48;-12.47;40.62
117;CA/TG;0.64;3.13;3.72;2.51;-0.04;41.15
118;AG/CT;-0.26;2.54;2.69;-9.75;-2.59;39.38
119;GG/CC;0.18;-0.16;3.58;3.77;7.11;37.01
120;GC/GC;-0.06;-0.60;3.39;-3.35;6.95;40.99
121;CA/TG;0.31;0.28;3.32;-0.82;7.92;32.22
122;AC/GT;-0.13;0.62;3.29;-3.69;-0.08;32.82
123;CG/CG;0.05;1.02;2.85;-2.96;11.53;28.52
124;GT/AC;-0.02;1.11;3.54;3.25;3.45;42.21
125;TG/CA;0.06;-0.13;3.23;0.85;9.98;23.94
126;GT/AC;-0.20;1.41;3.35;1.62;-19.95;42.63
127;TC/GA;2.08;1.54;3.25;13.93;-2.19;39.72
128;CA/TG;-0.52;0.60;4.14;-4.90;2.53;42.53
129;AG/CT;0.61;-0.23;3.49;-7.25;3.01;36.16
130;GA/TC;-0.15;0.08;4.05;11.39;-1.75;41.47
131;AT/AT;-0.55;-0.52;3.51;-6.43;2.82;28.92
132;TA/TA;-0.74;-0.15;3.57;-0.46;18.03;36.79
133;AT/AT;0.97;-1.20;3.51;-2.49;-4.79;23.47
134;TA/TA;0.88;-0.17;3.59;14.22;5.12;38.64
135;AT/AT;0.18;0.28;3.25;3.22;14.88;24.75
136;TA/TA;0.34;1.49;3.59;3.74;20.83;27.51
137;AC/GT;0.74;0.51;2.46;2.83;0.36;30.10
138;CA/TG;-0.15;-0.51;3.85;-8.11;12.77;37.65
139;AT/AT;-0.43;-0.93;3.39;5.77;5.64;30.21
140;TC/GA;0.09;1.03;3.16;1.12;1.95;40.56
141;CG/CG;0.63;0.47;3.62;2.89;20.00;28.70
142;GA/TC;0.57;1.41;3.21;-4.16;11.18;40.17
