1;TC/GA;0.04;1.09;3.19;4.09;1.03;40.16
2;CA/TG;-0.89;1.21;2.87;1.09;0.62;29.55
3;AG/CT;0.34;0.01;3.31;0.03;9.62;35.36
4;GA/TC;1.12;-0.50;3.82;3.06;3.45;35.90
5;AA/TT;0.20;-0.56;3.18;-6.96;4.63;37.73
6;AT/AT;-1.34;-1.03;3.31;-0.15;12.41;29.87
7;TC/GA;-0.75;-0.87;2.82;-0.19;9.38;32.80
8;CC/GG;0.64;0.02;3.77;-3.35;2.67;40.25
9;CC/GG;-0.50;-0.39;3.44;1.04;13.39;31.78
10;CG/CG;1.17;0.59;3.05;-0.27;10.84;29.73
11;GG/CC;-0.68;2.21;3.45;-5.20;-1.38;45.18
12;GT/AC;-0.12;-0.13;3.45;2.53;10.17;22.99
13;TG/CA;-0.05;0.23;3.09;0.10;4.63;35.66
14;GC/GC;0.94;-0.66;3.42;4.98;8.46;33.20
15;CC/GG;-0.94;0.91;4.11;-3.14;-14.95;42.73
16;CG/CG;1.24;1.62;3.48;5.75;-5.22;36.99
17;GA/TC;-0.04;1.85;3.39;-1.12;-2.76;39.97
18;AG/CT;1.10;0.55;3.18;0.27;13.15;20.76
19;GG/CC;-1.11;0.44;3.36;-1.61;6.64;34.52
20;GC/GC;-0.30;0.09;3.23;-2.65;12.05;43.03
21;CC/GG;-0.27;-0.34;3.50;-8.01;7.52;30.02
22;CG/CG;0.01;0.10;3.11;1.77;2.82;34.92
23;GC/GC;0.13;0.37;3.44;-2.51;-5.12;43.30
24;CT/AG;-0.48;-0.30;2.82;6.35;3.73;32.16
25;TC/GA;0.03;0.21;3.13;4.40;-4.20;37.80
26;CA/TG;2.16;1.94;3.78;-5.80;-15.24;41.40
27;AA/TT;-1.39;0.55;3.58;-0.66;1.59;35.15
28;AT/AT;-0.25;-0.77;3.60;-3.43;5.60;35.06
29;TT/AA;-0.45;0.19;3.14;5.88;5.53;34.66
30;TG/CA;0.70;0.17;3.54;-0.98;13.38;32.88
31;GG/CC;1.29;0.38;3.38;2.83;5.93;35.53
32;GT/AC;0.29;0.26;3.06;2.12;10.20;23.07
33;TC/GA;-0.63;0.69;3.21;2.33;8.61;44.25
34;CG/CG;-0.06;-0.18;3.35;1.47;7.06;24.21
35;GT/AC;-1.00;1.54;3.47;-3.51;-17.86;44.66
36;TA/TA;1.14;0.82;4.20;2.70;-3.45;45.07
37;AG/CT;0.11;0.66;3.30;-0.70;-1.21;25.35
38;GA/TC;-0.58;1.03;2.90;-2.33;4.37;33.45
39;AC/GT;0.58;0.14;2.92;3.32;7.54;24.84
40;CA/TG;-0.15;0.70;3.40;-5.90;1.04;41.33
41;AG/CT;-0.04;-0.75;4.01;3.98;15.10;29.17
42;GC/GC;-0.24;0.20;3.02;1.15;4.12;37.07
43;CT/AG;1.35;-0.06;3.71;5.73;5.29;34.59
44;TC/GA;-0.02;1.83;3.61;0.01;2.86;39.85
45;CT/AG;-0.18;0.81;2.94;0.60;6.74;31.45
46;TA/TA;-1.55;0.82;3.78;-2.93;4.14;46.62
47;AG/CT;0.21;1.30;3.30;-5.91;-23.26;41.27
48;GC/GC;0.45;-0.02;2.86;0.15;9.88;21.46
49;CA/TG;-0.10;0.44;3.64;4.35;4.09;39.02
50;AC/GT;1.30;-0.21;2.89;-1.16;11.32;18.26
51;CC/GG;0.88;-0.53;3.90;5.45;11.01;38.56
52;CG/CG;-0.79;-0.91;3.51;-7.68;26.18;27.53
53;GC/GC;-0.54;-0.17;3.17;0.49;-3.48;43.19
54;CT/AG;-0.46;0.39;3.26;1.86;0.73;31.02
55;TT/AA;0.29;0.61;3.49;0.75;-1.08;44.95
56;TA/TA;1.61;1.16;3.83;10.28;-4.66;33.42
57;AA/TT;-0.40;0.83;3.28;-5.90;-0.87;32.77
58;AA/TT;-1.17;0.97;2.96;-9.75;-3.33;47.93
59;AC/GT;0.44;-0.55;3.39;-0.85;1.91;27.62
60;CG/CG;0.12;-0.17;3.42;-0.95;8.73;43.63
61;GC/GC;0.39;-0.77;3.91;-1.19;8.33;37.46
62;CA/TG;-0.43;-0.75;2.57;3.08;12.24;24.89
63;AC/GT;-0.25;-0.03;2.83;6.77;4.62;31.84
64;CG/CG;-0.24;0.36;3.76;3.56;16.19;31.71
65;GT/AC;-0.70;1.03;3.47;-4.31;-12.26;45.75
66;TA/TA;1.71;0.81;3.64;1.05;-14.44;41.73
67;AC/GT;0.45;0.20;3.10;5.77;9.02;28.00
68;CG/CG;-0.08;0.85;3.69;6.06;9.36;38.81
69;GC/GC;0.30;-0.00;3.20;-4.89;9.43;24.33
70;CG/CG;-0.53;0.31;2.95;-7.83;4.53;31.37
71;GC/GC;0.13;-0.35;3.88;4.85;-3.71;44.45
72;CT/AG;0.32;-0.10;3.11;6.67;9.31;35.11
73;TG/CA;0.44;-0.96;3.37;0.81;8.66;27.50
74;GT/AC;0.24;0.38;2.92;5.23;9.31;33.78
75;TC/GA;0.56;1.09;3.56;3.65;-7.89;45.74
76;CC/GG;1.34;1.23;3.21;9.50;4.40;34.36
77;CC/GG;-0.47;1.82;2.86;-1.10;0.40;33.41
78;CC/GG;-0.05;1.21;4.29;-5.41;-1.42;43.89
79;CC/GG;-0.72;0.18;3.56;-6.50;2.31;37.89
80;CG/CG;0.70;0.09;3.31;2.33;13.60;31.35
81;GC/GC;-0.56;-0.51;3.27;-7.08;0.92;30.73
82;CG/CG;0.77;0.39;3.65;2.93;0.85;38.00
83;GT/AC;-0.22;-0.03;2.70;5.98;8.12;21.23
84;TT/AA;0.10;-0.78;3.61;1.59;11.98;34.39
85;TT/AA;1.31;0.95;3.73;8.25;8.06;31.50
86;TT/AA;-0.33;2.60;2.85;-0.92;1.06;50.32
87;TA/TA;0.16;3.12;3.38;-2.06;-18.74;42.31
88;AA/TT;0.50;3.15;4.36;2.66;-0.12;43.12
89;AC/GT;1.48;-0.06;3.09;9.56;1.14;30.69
90;CC/GG;-1.19;-0.34;3.29;-7.81;22.32;25.89
91;CG/CG;-2.01;-0.88;3.60;-6.93;34.35;26.16
92;GC/GC;-0.48;-0.47;3.61;-2.70;7.48;39.40
93;CC/GG;-0.68;-0.88;3.54;-3.57;3.62;28.07
94;CA/TG;-0.75;0.43;3.40;-1.56;6.21;32.97
95;AA/TT;-0.76;0.01;3.25;-3.21;1.98;38.49
96;AG/CT;-0.01;0.14;3.22;-6.12;3.92;41.35
97;GG/CC;0.42;-0.21;2.66;-10.16;2.82;32.67
98;GG/CC;-0.88;-0.41;3.24;-3.46;-6.12;28.34
99;GG/CC;0.03;0.84;4.53;6.21;-7.57;45.05
100;GA/TC;-1.34;-0.11;3.20;-9.26;7.82;27.24
101;AT/AT;0.29;-0.24;2.75;5.66;5.36;34.06
102;TT/AA;0.43;0.47;3.66;2.25;8.16;38.96
103;TA/TA;0.34;-0.39;3.57;-2.09;13.25;31.70
104;AC/GT;-0.07;-0.17;3.41;-2.68;8.44;33.86
105;CT/AG;0.59;1.20;3.23;9.26;11.15;27.91
106;TC/GA;-0.64;1.06;3.05;3.02;-3.98;30.83
107;CC/GG;0.84;2.18;3.85;4.88;-12.27;52.80
108;CC/GG;-0.11;0.53;3.99;-9.29;6.01;41.27
109;CT/AG;-0.43;-0.11;2.83;1.60;3.48;25.39
110;TA/TA;0.76;0.31;2.50;-3.15;0.16;35.93
111;AG/CT;-1.79;-0.27;3.33;-5.41;13.72;29.75
112;GT/AC;0.49;0.41;4.03;7.70;2.17;46.80
113;TC/GA;0.80;0.67;2.84;0.31;11.12;22.24
114;CT/AG;0.81;0.22;3.59;-3.63;10.29;34.57
115;TC/GA;-0.65;0.83;2.59;12.09;5.99;23.49
116;CC/GG;0.67;1.22;3.92;-0.43;-4.08;42.57
117;CA/TG;0.44;1.40;3.32;3.79;-5.70;38.01
118;AG/CT;0.58;1.80;3.37;-8.55;-16.28;37.94
119;GG/CC;1.09;-0.96;3.67;4.13;6.93;26.01
120;GC/GC;-0.73;0.48;3.58;3.54;-0.21;53.35
121;CA/TG;-0.86;0.58;3.92;-6.96;11.58;36.60
122;AC/GT;0.04;0.41;2.83;-2.11;0.03;30.96
123;CG/CG;0.49;1.51;3.18;3.48;8.68;42.21
124;GT/AC;-0.36;0.42;3.16;-3.67;10.65;25.41
125;TG/CA;-0.75;0.49;3.45;-5.19;2.22;26.14
126;GT/AC;-0.29;1.76;3.26;5.61;-9.43;51.92
127;TC/GA;1.07;1.77;2.70;8.95;-3.48;38.22
128;CA/TG;0.31;1.80;4.07;-11.15;-2.50;43.60
129;AG/CT;-0.28;-0.80;3.48;4.23;3.41;29.19
130;GA/TC;0.36;0.18;3.32;0.05;-5.50;38.39
131;AT/AT;-0.19;-0.84;3.36;0.90;9.23;32.71
132;TA/TA;0.49;0.12;3.67;1.11;15.96;36.02
133;AT/AT;-0.11;-0.58;2.99;2.34;5.30;25.67
134;TA/TA;0.92;0.92;4.66;0.89;29.33;43.06
135;AT/AT;-0.34;0.34;2.74;0.83;3.42;15.00
136;TA/TA;-1.58;1.80;3.50;-13.73;6.24;40.81
137;AC/GT;0.36;0.12;2.86;-0.94;4.21;23.63
138;CA/TG;0.05;-0.35;3.98;5.74;6.46;36.49
139;AT/AT;-0.55;-0.52;3.54;8.56;13.44;37.29
140;TC/GA;0.62;0.57;3.80;-5.63;9.08;35.43
141;CG/CG;0.43;0.99;3.42;1.73;15.63;28.94
142;GA/TC;0.86;1.27;3.37;-5.48;4.03;30.60
