index;step;shift_max;shift_min;shift_mean;slide_max;slide_min;slide_mean;rise_max;rise_min;rise_mean;tilt_max;tilt_min;tilt_mean;roll_max;roll_min;roll_mean;twist_max;twist_min;twist_mean
1;CA/TG;1.48;-0.83;0.165;1.09;-0.68;0.3925;3.57;3.11;3.27;4.09;-2.41;0.895;12.87;-0.64;3.7075;40.16;19.64;33.8
2;AG/CT;0.11;-0.92;-0.588;1.21;-0.22;0.414;3.67;2.83;3.136;8.24;-10.7;-2.3939999999999997;11.43;0.62;5.566;41.07;21.64;30.830000000000002
3;GA/TC;0.34;-0.65;-0.09;0.32;-0.61;-0.138;3.71;3.3;3.476;2.36;-3.84;-0.652;23.29;-2.49;10.488;42.68;29.94;35.576
4;AA/TT;1.31;-0.04;0.664;0.22;-0.5;-0.138;3.82;3.09;3.542;6.74;-2.6;2.722;6.17;-17.22;-3.2319999999999998;45.02;27.85;38.106
5;AT/AT;0.2;-0.67;-0.33399999999999996;0.55;-0.82;-0.422;3.54;3.04;3.332;1.48;-7.95;-4.548;13.67;-2.96;8.208;41.5;16.76;30.45
6;TC/GA;0.62;-1.34;-0.41600000000000004;0.53;-1.03;-0.124;3.49;2.6;3.124;5.58;-4.82;-1.372;12.41;-0.36;5.81;37.43;18.75;28.73
7;CC/GG;-0.19;-1.31;-0.728;0.81;-0.87;0.24000000000000002;3.83;2.82;3.32;5.24;-8.46;-0.024000000000000167;9.38;0.09;5.26;45.57;27.33;37.653999999999996
8;CC/GG;0.78;-0.05;0.542;0.69;-0.58;0.094;3.77;2.94;3.358;13.3;-4.9;-0.5259999999999999;11.08;-0.06;5.822;42.77;27.4;36.254
9;CG/CG;0.97;-0.5;0.007999999999999997;0.22;-1.39;-0.33999999999999997;4.07;3.21;3.548;2.77;-3.17;0.24400000000000005;20.56;-0.27;10.506;37.04;31.78;34.514
10;GG/CC;1.17;0.15;0.63;0.59;-0.45;0.05599999999999999;3.76;3.05;3.364;3.43;-5.72;-1.8359999999999999;24.44;5.88;14.086;40.41;29.58;33.534
11;GT/AC;0.61;-0.68;-0.05800000000000001;2.21;-0.66;0.716;4.03;3.24;3.442;6.25;-6.3;-0.512;15.94;-1.65;4.26;45.18;27.23;35.53
12;TG/CA;-0.12;-1.27;-0.744;0.67;-0.13;0.126;3.45;2.67;3.102;2.53;-5.41;-0.034000000000000065;11.68;-0.55;8.33;34.62;22.52;26.798
13;GC/GC;0.31;-0.79;-0.14400000000000002;0.86;-0.05;0.364;3.63;3.09;3.374;3.31;-7.29;-1.978;7.37;-6.38;2.198;45.1;31.71;38.756
14;CC/GG;1.26;0.12;0.842;0.68;-0.66;-0.09799999999999999;3.54;3.16;3.392;6.35;-0.46;3.432;8.46;1.77;4.726;36.88;30.45;34.6
15;CG/CG;0.29;-1.24;-0.624;1.8;0.43;1.2;4.11;3.16;3.68;1.38;-3.91;-1.772;0.97;-22.98;-8.834;46.03;39.49;43.354
16;GA/TC;1.39;-0.23;0.638;1.96;0.92;1.522;3.89;3.48;3.664;5.75;-5.69;-0.644;1.73;-14.68;-4.83;42.08;29.4;35.828
17;AG/CT;0.71;-1.02;-0.2;2.14;1.36;1.748;3.76;3.18;3.396;10.66;-6.28;0.42399999999999993;4.33;-10.5;-3.754;47.14;28.54;41.153999999999996
18;GG/CC;1.1;-0.52;0.33;1.36;0.03;0.528;3.56;2.64;3.222;0.27;-5.5;-3.258;19.44;2.47;11.148;43.6;20.09;26.09
19;GC/GC;-0.09;-1.11;-0.496;1.39;0.07;0.5;3.87;2.62;3.376;4.68;-9.84;-0.8520000000000001;10.35;0.55;5.292;42.35;20.86;33.738
20;CC/GG;-0.13;-1.53;-0.472;0.25;-0.72;-0.13;3.66;2.67;3.196;6.08;-5.55;-2.012;12.05;-5.96;5.112;44.35;21.33;35.696
21;CG/CG;0.72;-0.55;0.01799999999999998;1.1;-0.53;0.244;3.56;2.89;3.274;7.17;-8.01;0.412;9.7;4.38;6.37;46.33;30.02;35.964
22;GC/GC;0.73;-0.07;0.22;0.76;-0.09;0.35;4.04;3.04;3.418;8.61;-5.99;-1.118;15.29;0.03;6.87;39.12;30.45;34.516
23;CT/AG;1.16;-0.28;0.366;0.5;-0.35;0.174;4.22;3.18;3.562;5.91;-2.51;2.806;20.63;-5.12;6.106;43.3;32.1;38.6
24;TC/GA;0.98;-0.97;-0.37;1.02;-0.3;0.55;3.3;2.64;2.984;8.29;-1.25;3.526;3.73;-6.2;-0.10400000000000005;39.8;31.02;35.498
25;CA/TG;1.13;-0.45;0.358;1.69;0.21;1.046;3.65;2.96;3.162;8.66;-2.59;3.572;9.29;-9.05;-0.6800000000000004;45.01;27.24;39.156
26;AA/TT;2.16;0.21;0.9580000000000001;3.29;1.05;2.07;3.78;3.3;3.492;5.03;-6.67;-0.758;-3.57;-15.24;-8.694;46.13;30.36;39.312
27;AT/AT;0.72;-1.39;-0.424;2.63;0.24;0.858;3.58;3.33;3.47;-0.66;-9.64;-4.92;4.63;-6.64;-1.422;40.83;30.52;36.638
28;TT/AA;0.35;-0.53;-0.17800000000000002;1.29;-1.01;-0.25;3.88;3.19;3.624;3.94;-3.48;-0.914;7.45;-2.86;2.818;35.19;34.05;34.794
29;TG/CA;0.58;-0.45;0.206;0.67;-0.27;0.08600000000000001;4.42;2.81;3.428;15.25;-5.75;3.644;9.37;-3.55;3.504;44.31;34.4;38.73
30;GG/CC;1.78;0.08;0.75;1.05;-0.66;5.551115123125783e-18;3.9;3.17;3.634;6.76;-1.02;2.302;25.51;13.38;17.364;37.72;22.48;30.254
31;GT/AC;2.15;-0.41;1.066;1.71;-0.63;0.19599999999999998;3.7;3.09;3.384;7.4;-10.91;-0.28200000000000003;25.02;5.93;11.62;35.53;22.11;30.066
32;TC/GA;0.29;-1.14;-0.594;0.74;-0.85;-0.076;3.23;2.83;3.02;5.65;-3.3;1.9840000000000002;10.2;1.15;6.4959999999999996;35.05;23.07;29.764
33;CG/CG;1.12;-1.41;-0.03399999999999996;0.69;-0.68;0.12399999999999999;3.4;3.14;3.2520000000000002;6.4;-1.91;2.504;8.61;0.26;4.036;45.7;26.9;38.354
34;GT/AC;1.28;-0.54;0.402;0.84;-0.2;0.13199999999999998;3.83;3.35;3.576;3.76;-5.02;-0.11199999999999996;17.18;-6.94;7.882;44.47;24.21;33.536
35;TA/TA;0.32;-1.67;-0.76;1.68;-0.02;0.906;3.47;2.52;3.0980000000000003;4.79;-7.3;-1.2359999999999998;-1.52;-17.86;-8.576;44.66;29.93;36.402
36;AG/CT;1.24;-0.78;0.21;2.0;-0.05;1.212;4.2;3.32;3.742;8.73;-8.06;0.37600000000000006;-1.49;-17.6;-8.474;52.03;42.6;46.148
37;GA/TC;1.59;0.11;0.748;2.26;-0.62;0.8959999999999999;3.92;2.96;3.4699999999999998;9.92;-2.25;2.308;-1.21;-14.18;-6.422;44.59;22.8;31.14
38;AC/GT;0.01;-1.27;-0.594;1.16;-0.07;0.652;3.32;2.6;3.052;1.57;-12.3;-2.706;16.17;-2.76;5.724;40.3;23.98;34.964
39;CA/TG;0.96;-0.43;0.33199999999999996;1.28;-0.59;-0.019999999999999983;3.62;2.88;3.12;8.16;-7.67;-0.46399999999999997;9.0;-6.16;3.34;48.53;24.84;33.932
40;AG/CT;0.97;-0.65;0.10199999999999998;0.7;-0.68;-0.11400000000000002;3.98;2.87;3.286;9.46;-6.62;-0.13999999999999985;18.85;1.04;10.968;41.33;19.42;28.112
41;GC/GC;-0.04;-0.68;-0.334;-0.11;-0.91;-0.59;4.12;3.54;3.87;3.98;-6.28;-3.2640000000000002;23.98;-0.23;11.72;41.91;29.17;35.846
42;CT/AG;0.09;-0.79;-0.256;0.2;-0.56;-0.266;3.75;3.02;3.44;5.72;-9.11;-1.228;10.74;-4.08;2.158;50.79;31.63;39.344
43;TC/GA;1.35;-1.11;-0.011999999999999992;0.35;-0.48;-0.07200000000000001;3.71;3.06;3.256;5.73;-0.66;2.536;10.35;0.91;4.888;36.66;28.83;33.33
44;CT/AG;0.94;-0.13;0.46399999999999997;2.03;-0.61;0.968;3.7;2.66;3.296;6.15;0.01;2.5300000000000002;5.41;-3.01;0.538;44.1;30.97;39.852000000000004
45;TA/TA;0.45;-1.3;-0.42400000000000004;1.21;-0.61;0.586;3.81;2.94;3.438;3.06;-2.22;0.69;8.92;-2.85;3.888;37.95;25.66;31.908
46;AG/CT;1.31;-1.55;-0.35000000000000003;1.93;-0.06;0.874;3.78;3.18;3.424;5.59;-8.55;-0.8120000000000002;16.56;-11.3;0.17399999999999943;47.19;31.77;39.932
47;GC/GC;0.22;-0.79;-0.014000000000000009;3.65;0.15;1.25;3.79;3.18;3.5020000000000002;-0.34;-5.91;-3.218;7.92;-41.23;-12.258;45.33;35.53;40.436
48;CA/TG;0.73;-0.65;0.001999999999999996;0.37;-0.02;0.156;3.88;2.67;3.112;8.48;-1.16;1.6860000000000002;9.88;4.17;6.66;31.45;21.46;26.605999999999998
49;AC/GT;0.98;-0.18;0.196;0.66;-0.7;0.234;3.77;3.42;3.572;4.35;-7.55;0.0019999999999998686;22.0;4.09;10.948;41.42;28.59;36.9
50;CC/GG;1.3;0.24;0.558;0.08;-1.09;-0.516;4.22;2.37;3.35;3.92;-9.21;-2.112;19.33;1.43;11.814;44.43;15.41;26.014
51;CG/CG;0.88;-0.51;0.003999999999999995;0.17;-2.0;-0.826;3.9;2.77;3.336;12.72;-12.66;3.032;11.01;1.57;4.7940000000000005;38.56;23.68;31.574
52;GC/GC;0.36;-0.79;-0.202;-0.16;-0.91;-0.596;3.61;2.62;3.318;4.55;-7.68;-1.83;26.18;13.32;17.264;39.53;20.94;29.8
53;CT/AG;0.82;-1.29;-0.19600000000000004;0.44;-0.77;-0.28;3.88;2.98;3.334;8.73;-1.75;1.744;17.65;-4.87;1.9039999999999997;43.56;22.37;35.778
54;TT/AA;1.01;-0.47;-0.108;0.39;-0.39;0.032;3.97;3.17;3.484;11.28;-4.81;1.464;14.29;0.73;8.831999999999999;41.2;31.02;34.44
55;TA/TA;1.09;-0.81;0.392;1.21;-0.36;0.61;3.49;3.06;3.32;11.28;0.75;5.156;8.87;-1.5;2.6479999999999997;44.95;33.82;38.494
56;AA/TT;1.61;-0.13;0.708;2.52;1.16;1.69;3.83;2.57;3.06;10.28;-8.14;0.8559999999999998;-3.8;-11.77;-7.152;40.03;32.27;36.09
57;AA/TT;0.02;-0.51;-0.352;1.79;-0.15;0.626;4.24;3.28;3.758;-0.99;-5.9;-2.928;3.31;-13.86;-2.4299999999999997;42.66;32.77;37.914
58;AC/GT;-0.31;-1.5;-0.904;1.62;0.07;0.652;3.83;2.96;3.432;-2.44;-10.56;-6.432;1.87;-3.33;-0.8140000000000001;47.93;34.5;41.034
59;CG/CG;0.51;-0.41;0.2;1.61;-0.55;0.29;3.52;2.38;3.096;1.38;-3.3;-0.9099999999999999;10.63;1.91;6.566;39.02;26.76;32.326
60;GC/GC;0.78;-0.96;-0.26;0.97;-0.17;0.504;3.45;2.86;3.224;7.78;-11.2;-3.868;15.07;8.52;10.656;43.63;25.86;32.674
61;CA/TG;0.58;-1.16;0.020000000000000018;0.46;-0.77;-0.036;3.91;3.18;3.444;8.73;-19.63;-3.7819999999999996;8.33;2.38;4.982;39.32;37.03;38.184
62;AC/GT;0.23;-0.84;-0.306;-0.34;-0.75;-0.53;3.98;2.57;3.342;12.81;-4.0;3.3320000000000003;17.59;-1.74;9.918;41.05;22.77;31.17
63;CG/CG;0.6;-0.84;-0.106;0.4;-0.42;-0.009999999999999992;3.72;2.75;3.152;8.62;-1.46;5.056;23.73;-1.78;9.49;36.76;26.48;31.886
64;GT/AC;0.54;-0.46;0.05000000000000001;1.38;-0.19;0.37999999999999995;3.76;2.45;3.414;9.73;-4.01;2.068;18.8;0.58;11.868;32.46;25.91;30.316
65;TA/TA;-0.09;-0.71;-0.496;2.35;-0.03;1.21;4.07;3.0;3.566;8.48;-4.31;0.35600000000000015;21.58;-12.26;-3.4780000000000006;50.04;39.98;45.682
66;AC/GT;1.94;-1.45;0.908;1.74;0.8;1.12;3.86;3.22;3.5300000000000002;1.05;-8.51;-1.97;-2.9;-14.44;-6.804;44.39;40.18;42.534
67;CG/CG;1.35;-0.93;0.21000000000000002;1.22;-0.13;0.31;3.35;2.98;3.174;5.77;-1.04;2.2039999999999997;9.02;-6.67;3.944;42.01;28.0;32.31
68;GC/GC;-0.08;-1.29;-0.622;1.69;0.53;1.03;3.78;3.03;3.496;6.06;-10.66;0.16599999999999984;9.36;-10.86;-1.042;44.98;33.6;39.354
69;CG/CG;0.79;-0.06;0.372;0.47;-0.12;0.044;3.73;2.7;3.058;4.19;-4.89;-0.20599999999999988;9.46;-6.71;3.902;38.63;24.12;29.496000000000002
70;GC/GC;0.42;-0.74;-0.202;0.55;-0.57;0.10400000000000002;3.95;2.71;3.182;6.0;-8.78;-1.446;12.4;0.97;6.506;37.81;19.31;28.208
71;CT/AG;0.74;-0.07;0.164;0.56;-0.67;-0.22599999999999998;3.88;3.13;3.584;4.85;-0.07;2.452;15.75;-8.16;3.0700000000000003;44.45;35.04;40.884
72;TG/CA;0.32;-0.24;-0.05;-0.1;-1.2;-0.644;4.18;3.11;3.4939999999999998;11.19;0.31;4.894;14.91;0.78;9.084;35.71;31.06;33.224000000000004
73;GT/AC;2.54;0.38;1.1360000000000001;0.45;-0.96;-0.09599999999999999;3.63;2.88;3.254;4.76;-4.62;0.6639999999999999;12.29;3.74;8.238;35.74;27.5;30.404
74;TC/GA;0.48;-0.77;-0.222;0.98;0.24;0.444;3.5;2.82;3.122;7.78;-4.98;1.256;14.35;-2.13;6.568;34.71;29.01;33.03
75;CC/GG;0.58;-0.43;0.122;1.25;0.32;0.9520000000000001;3.56;2.67;3.176;12.45;1.37;6.644;3.51;-7.89;-1.572;45.74;20.7;35.914
76;CC/GG;1.34;0.03;0.502;2.44;0.81;1.6219999999999999;3.81;3.21;3.608;9.5;-0.09;3.318;4.4;-9.76;-2.7119999999999997;49.73;34.36;42.13
77;CC/GG;1.26;-0.8;-0.26;1.82;0.51;1.236;3.35;2.86;3.138;5.19;-1.1;1.724;3.91;-1.95;0.9540000000000001;38.82;27.26;33.42
78;CC/GG;1.62;-0.45;0.438;2.0;0.81;1.272;4.29;3.28;3.742;1.28;-5.41;-2.724;2.55;-11.32;-3.9;48.87;33.08;41.946
79;CG/CG;0.17;-0.92;-0.426;0.56;-0.06;0.328;3.84;3.16;3.514;3.26;-6.5;-2.354;6.15;-8.04;1.1140000000000003;41.97;33.36;38.278
80;GC/GC;0.7;-0.79;0.01399999999999999;0.77;-0.88;0.08600000000000001;3.65;3.02;3.314;2.33;-8.05;-3.918;15.68;4.86;10.798;35.22;29.64;32.568
81;CG/CG;0.82;-0.56;-0.00400000000000002;0.08;-0.7;-0.374;3.89;3.27;3.574;4.62;-7.08;-0.19600000000000004;18.87;-7.8;6.776;43.17;29.84;34.588
82;GT/AC;0.77;-0.73;0.07;0.6;-0.25;0.204;3.65;2.71;3.222;2.94;-8.22;-1.9120000000000001;8.36;0.85;5.764;38.0;33.47;35.514
83;TT/AA;-0.03;-1.24;-0.674;0.19;-0.77;-0.13;3.53;2.55;3.042;5.98;-4.96;1.55;14.07;0.27;7.794;39.81;17.8;26.794
84;TT/AA;0.48;-0.91;-0.08200000000000002;0.9;-0.78;0.03200000000000001;3.61;3.22;3.436;6.55;-3.78;2.246;20.48;-5.33;8.906;41.3;32.09;35.784
85;TT/AA;1.31;-0.39;0.6839999999999999;1.43;-0.16;0.642;3.88;3.13;3.548;8.25;-5.57;3.072;10.85;-5.85;3.27;46.88;30.52;36.038
86;TA/TA;0.56;-0.6;-0.118;3.77;-0.11;1.99;3.77;2.85;3.448;5.34;-3.66;1.0399999999999998;5.82;-16.72;-4.372;50.32;29.44;42.442
87;AA/TT;0.66;-0.06;0.196;3.42;0.16;2.214;3.41;2.89;3.2640000000000002;10.45;-5.27;1.8279999999999998;9.24;-20.72;-8.565999999999999;42.31;29.64;37.432
88;AC/GT;0.5;-1.24;-0.7;3.15;0.55;1.926;4.36;2.9;3.58;2.66;-11.09;-6.239999999999999;9.23;-10.86;1.2860000000000003;43.12;34.96;39.052
89;CC/GG;1.48;-0.85;0.6779999999999999;0.62;-0.96;-0.246;4.26;2.87;3.386;9.56;-4.36;0.26;13.06;-1.06;4.136;39.71;23.83;31.534
90;CG/CG;0.41;-1.19;-0.6;0.32;-1.31;-0.55;3.89;3.17;3.362;2.57;-7.81;-3.098;22.32;0.16;9.096;41.33;21.18;31.09
91;GC/GC;0.45;-2.01;-0.42599999999999993;-0.1;-0.98;-0.712;3.84;3.4;3.556;4.05;-6.93;0.24400000000000002;34.88;6.02;24.414;33.51;26.16;28.928
92;CC/GG;0.16;-0.9;-0.496;-0.14;-0.54;-0.344;3.61;2.77;3.086;1.58;-4.84;-2.016;8.17;1.6;4.8260000000000005;39.4;22.4;34.138
93;CA/TG;0.9;-0.88;0.024000000000000004;0.13;-0.88;-0.45;3.91;3.3;3.592;2.21;-6.42;-1.908;15.47;-0.66;7.424;40.07;22.92;31.25
94;AA/TT;0.69;-0.98;-0.14200000000000002;0.43;-0.79;0.09;3.61;3.08;3.444;6.86;-1.76;2.716;18.42;6.21;12.2;37.69;29.81;32.956
95;AG/CT;-0.08;-0.76;-0.39;0.08;-0.65;-0.29000000000000004;3.76;3.17;3.336;3.33;-5.42;-1.552;15.32;-4.04;3.358;38.49;22.25;33.64
96;GG/CC;1.41;-0.78;0.26799999999999996;0.72;-0.08;0.33799999999999997;3.97;2.65;3.306;6.35;-6.12;0.9119999999999999;6.86;-6.39;0.04200000000000008;44.03;26.37;36.78
97;GG/CC;1.19;-0.13;0.608;1.42;-0.35;0.278;4.03;2.66;3.3320000000000003;8.86;-10.16;-1.498;4.77;-4.02;1.516;41.28;32.67;36.508
98;GG/CC;0.68;-0.88;-0.26;1.15;-0.41;0.488;3.59;3.17;3.288;4.29;-10.83;-3.896;9.94;-8.89;-1.5520000000000003;36.89;28.34;31.884
99;GA/TC;1.17;-1.59;-0.004000000000000031;0.84;0.21;0.394;4.53;3.07;3.652;8.07;-6.02;1.086;4.82;-13.91;-2.5100000000000002;45.05;29.88;36.756
100;AT/AT;-0.12;-1.46;-0.8260000000000001;1.1;-0.11;0.4;3.63;3.06;3.348;1.41;-9.26;-3.362;13.24;4.19;7.984;45.56;27.24;36.674
101;TT/AA;1.51;-0.58;0.35;1.24;-0.75;-0.16;3.77;2.75;3.26;7.49;-11.43;-0.04399999999999986;7.02;-3.16;3.064;41.59;26.38;32.456
102;TA/TA;0.99;-0.36;0.254;1.36;-0.6;0.342;3.66;3.0;3.404;10.98;-2.04;2.8160000000000003;18.19;5.74;10.714;43.97;30.37;36.244
103;AC/GT;0.77;-1.04;0.132;1.05;-0.69;-0.16799999999999998;3.8;3.37;3.572;5.01;-6.97;-0.2899999999999999;19.06;6.46;12.394;37.41;21.31;31.944
104;CT/AG;0.76;-0.88;-0.08;1.45;-0.17;0.318;3.41;2.67;3.136;0.6;-8.83;-2.7680000000000002;17.81;-3.61;7.108;39.9;28.48;34.234
105;TC/GA;0.77;-0.8;0.23199999999999998;2.16;-0.23;0.966;3.61;2.95;3.274;12.15;-2.86;6.302;14.91;-0.23;6.924;30.73;21.07;26.576
106;CC/GG;0.44;-0.64;-0.106;2.02;0.43;1.244;3.73;3.05;3.402;9.43;3.02;5.86;9.82;-9.57;0.758;44.77;30.83;38.086
107;CC/GG;1.56;0.34;1.066;2.33;0.83;1.51;4.27;3.25;3.706;8.66;2.14;4.97;2.28;-12.27;-4.140000000000001;52.8;23.91;40.762
108;CT/AG;0.91;-0.52;0.013999999999999999;2.21;0.53;1.17;3.99;3.29;3.64;2.55;-9.29;-1.5699999999999998;7.15;-16.59;-2.984;50.8;38.23;41.764
109;TA/TA;0.41;-0.43;-0.1;0.35;-0.11;0.146;3.92;2.83;3.258;5.31;-6.83;-0.13200000000000012;4.82;-2.69;2.412;40.84;25.39;31.646
110;AG/CT;0.76;-0.02;0.478;0.69;-0.52;0.053999999999999986;3.42;2.5;3.024;0.11;-3.72;-1.994;13.64;0.16;8.41;40.55;26.89;34.542
111;GT/AC;1.25;-1.79;-0.558;0.54;-0.27;0.122;4.01;3.13;3.59;5.03;-5.41;-0.9880000000000001;19.09;-4.15;11.26;43.42;29.75;36.616
112;TC/GA;0.49;-0.98;-0.288;0.41;-0.61;-0.002000000000000013;4.03;2.49;3.322;7.7;-6.15;0.23399999999999993;9.15;0.41;5.164;46.8;17.98;29.862
113;CT/AG;1.19;-0.42;0.43;0.91;-0.25;0.526;3.43;2.84;3.198;7.29;-2.15;1.56;11.67;6.99;9.192;42.62;22.24;36.094
114;TC/GA;1.16;-0.4;0.33199999999999996;1.24;-0.07;0.276;3.59;2.9;3.162;2.43;-3.63;-0.03199999999999999;14.79;10.29;12.302;34.57;19.1;28.932
115;CC/GG;0.44;-1.07;-0.272;1.31;-0.78;0.3;3.95;2.59;3.392;12.09;-3.59;2.87;8.38;3.92;6.924;40.32;23.49;35.428
116;CA/TG;1.11;0.39;0.672;2.4;0.26;0.992;4.4;2.88;3.57;13.48;-0.43;5.442;3.35;-12.47;-2.922;44.23;31.15;38.96
117;AG/CT;0.64;-1.14;0.07600000000000003;3.13;1.28;1.722;3.89;3.32;3.606;9.15;-0.63;4.4;9.22;-7.68;-0.28399999999999986;42.53;26.84;37.397999999999996
118;GG/CC;0.82;-0.26;0.22599999999999998;2.54;0.65;1.654;3.37;2.31;2.8;-8.55;-18.1;-12.464;-2.59;-16.28;-9.648;39.38;25.06;34.002
119;GC/GC;1.09;-1.24;-0.244;0.61;-0.96;-0.18999999999999997;4.26;3.58;3.89;4.57;2.62;3.674;7.11;-9.71;-0.7800000000000001;42.95;26.01;35.564
120;CA/TG;1.47;-0.73;0.03399999999999999;0.79;-0.6;0.10600000000000001;3.58;2.8;3.258;3.54;-6.02;-2.54;7.82;-8.18;1.0120000000000002;53.35;39.73;44.252
121;AC/GT;0.65;-1.35;-0.16;0.71;-0.72;0.226;4.15;3.22;3.62;2.44;-6.96;-1.6260000000000001;11.58;-6.93;4.234;39.4;32.22;36.528
122;CG/CG;0.04;-0.51;-0.19;0.62;-0.15;0.294;3.34;2.83;3.182;6.14;-3.69;0.01799999999999997;13.78;-0.08;4.588;37.66;26.87;31.048
123;GT/AC;0.49;-0.14;0.094;1.51;-0.85;0.658;3.67;2.85;3.31;6.54;-5.27;0.26800000000000007;16.81;4.84;9.696;42.21;28.52;37.368
124;TG/CA;-0.02;-0.94;-0.312;1.11;-0.38;0.442;3.54;3.08;3.2560000000000002;4.09;-6.51;-0.508;11.81;2.01;6.574;42.21;20.04;31.496
125;GT/AC;1.4;-0.75;0.06399999999999999;1.25;-0.42;0.266;3.74;2.84;3.338;5.47;-5.19;0.4919999999999998;9.98;-13.91;3.322;41.47;19.58;28.43
126;TC/GA;0.0;-0.42;-0.236;1.76;-0.33;1.036;3.75;3.23;3.39;5.61;0.77;3.232;4.79;-19.95;-6.81;51.92;33.8;41.762
127;CA/TG;2.08;0.26;1.204;2.01;1.1;1.59;3.74;2.7;3.242;13.93;2.48;7.859999999999999;-2.19;-9.91;-6.068;44.33;38.22;41.292
128;AG/CT;1.49;-1.64;-0.174;1.8;0.6;1.286;4.26;2.95;3.724;7.93;-11.15;-3.6460000000000004;2.55;-2.92;-0.32000000000000006;44.76;35.56;41.648
129;GA/TC;0.66;-1.11;0.02999999999999998;1.1;-0.8;-0.031999999999999994;4.05;3.43;3.634;4.23;-7.25;-0.6779999999999999;13.77;3.01;7.052;36.16;22.44;31.0
130;AT/AT;0.36;-0.72;-0.366;0.85;0.08;0.448;4.05;3.21;3.4579999999999997;11.39;-3.95;0.788;7.45;-6.19;-0.654;44.73;34.44;40.224
131;TA/TA;0.78;-0.55;-0.026000000000000006;0.44;-0.84;-0.264;3.51;2.48;3.082;0.9;-6.43;-3.458;9.23;-3.18;3.914;43.68;28.92;33.52
132;AT/AT;0.55;-1.17;-0.29;1.04;-0.45;0.19;4.15;3.57;3.898;7.67;-0.46;4.014;21.44;9.6;15.676;38.65;25.38;34.15
133;TA/TA;1.87;-0.75;0.532;1.55;-1.2;0.09800000000000002;3.66;2.99;3.348;2.63;-2.94;0.3799999999999999;15.87;-4.79;5.33;41.46;23.47;30.272000000000002
134;AT/AT;1.75;0.17;0.898;1.9;-0.17;0.59;4.66;2.74;3.606;14.22;-7.03;1.54;29.33;5.12;14.786;43.06;21.94;33.658
135;TA/TA;0.18;-0.53;-0.14800000000000002;0.34;-0.63;0.040000000000000015;3.65;2.74;3.192;3.22;-5.84;0.37400000000000005;15.36;3.42;11.61;38.42;15.0;26.372
136;AC/GT;0.86;-1.58;-0.266;1.8;-0.42;1.038;3.74;3.29;3.562;5.14;-13.73;-1.678;20.83;6.24;13.842;40.81;23.1;33.7
137;CA/TG;0.75;-1.29;0.182;1.39;-0.11;0.638;3.21;2.46;2.862;8.9;-0.94;2.5540000000000003;5.02;0.11;2.292;41.44;23.63;29.368
138;AT/AT;1.07;-0.29;0.09000000000000001;0.63;-0.52;-0.168;3.98;3.18;3.74;5.74;-11.74;-2.6479999999999997;12.77;2.67;8.96;38.46;23.13;34.616
139;TC/GA;-0.23;-0.65;-0.462;0.67;-0.93;-0.442;3.76;3.02;3.466;8.56;-3.44;2.542;16.38;-0.55;8.799999999999999;41.54;29.33;34.16
140;CG/CG;0.62;-0.14;0.282;1.03;-0.51;0.16999999999999998;3.84;3.16;3.59;1.96;-5.63;-1.284;9.08;1.95;4.6000000000000005;41.25;34.19;37.634
141;GA/TC;1.11;-0.59;0.384;1.29;-0.58;0.572;3.62;3.36;3.502;7.23;-4.46;0.7100000000000002;20.21;3.13;14.73;38.71;26.95;31.254
142;TC/GA;0.86;-0.98;-0.096;1.42;0.97;1.248;4.11;2.92;3.524;5.46;-10.16;-3.6060000000000003;11.18;0.27;4.06;40.17;28.44;34.106
143;CA/TG;0.14;0.14;0.14;1.93;1.93;1.93;2.87;2.87;2.87;0.54;0.54;0.54;6.79;6.79;6.79;23.8;23.8;23.8
144;AG/CT;-3.07;-3.07;-3.07;1.96;1.96;1.96;4.53;4.53;4.53;-13.02;-13.02;-13.02;9.93;9.93;9.93;5.77;5.77;5.77
