1;TC/GA;0.26;1.31;3.16;-4.47;7.66;34.43
2;CA/TG;-0.84;0.06;3.26;-10.70;11.43;35.53
3;AG/CT;-0.17;-0.61;3.45;-1.45;-2.49;33.30
4;GA/TC;0.85;-0.25;3.69;6.11;-6.57;45.02
5;AA/TT;-0.57;-0.82;3.04;-6.19;13.67;16.76
6;AT/AT;-0.46;0.05;3.20;-3.48;1.10;26.74
7;TC/GA;-1.07;0.40;3.83;-8.46;0.09;45.57
8;CC/GG;0.69;0.15;3.10;13.30;9.73;35.32
9;CC/GG;0.35;0.15;3.21;-1.75;-0.27;37.04
10;CG/CG;0.47;-0.45;3.18;-5.72;16.21;29.58
11;GG/CC;-0.08;-0.66;4.03;6.25;2.47;42.23
12;GT/AC;-1.05;-0.13;2.95;-5.41;10.53;27.88
13;TG/CA;0.14;0.38;3.23;-7.29;-1.33;38.88
14;GC/GC;0.82;-0.63;3.41;3.20;2.05;35.60
15;CC/GG;-1.24;1.80;3.61;0.24;-22.98;46.03
16;CG/CG;1.39;1.42;3.89;1.23;-1.77;30.18
17;GA/TC;-0.81;1.85;3.34;-0.97;-0.43;45.91
18;AG/CT;0.74;0.51;3.33;-2.76;19.44;22.73
19;GG/CC;-0.55;1.39;3.76;1.71;0.75;42.35
20;GC/GC;-0.13;0.05;2.67;-2.82;6.40;21.33
21;CC/GG;-0.02;1.10;3.07;3.90;9.70;40.06
22;CG/CG;0.73;0.24;4.04;-4.27;15.29;30.48
23;GC/GC;0.25;0.50;3.18;5.91;-1.21;36.69
24;CT/AG;-0.57;0.86;3.30;-1.25;1.25;39.80
25;TC/GA;1.13;1.29;2.96;8.66;-1.39;45.01
26;CA/TG;0.89;2.32;3.30;-6.67;-3.57;30.36
27;AA/TT;-0.23;0.24;3.55;-9.64;-6.64;40.03
28;AT/AT;-0.12;-0.40;3.58;3.94;2.43;34.76
29;TT/AA;0.08;-0.03;3.32;2.12;9.37;39.15
30;TG/CA;1.78;1.05;3.82;4.28;17.40;28.25
31;GG/CC;-0.41;1.71;3.09;-10.91;8.03;29.82
32;GT/AC;-1.14;-0.85;3.13;4.79;5.96;29.48
33;TC/GA;1.12;0.01;3.40;5.66;1.63;37.38
34;CG/CG;-0.54;0.84;3.43;1.58;10.91;30.78
35;GT/AC;-0.35;1.68;2.52;4.79;-1.52;35.92
36;TA/TA;-0.59;2.00;3.97;-8.06;-6.88;52.03
37;AG/CT;1.01;1.14;3.73;9.92;-5.07;32.43
38;GA/TC;-0.40;1.16;2.60;-12.30;3.72;38.26
39;AC/GT;0.82;-0.52;2.88;8.16;4.42;27.14
40;CA/TG;-0.65;-0.68;3.98;-6.62;18.85;28.31
41;AG/CT;-0.34;-0.54;3.54;-5.98;8.00;40.61
42;GC/GC;0.09;-0.56;3.46;5.72;0.63;31.63
43;CT/AG;0.16;-0.13;3.14;3.07;4.90;36.66
44;TC/GA;0.63;2.03;2.66;5.61;-3.01;42.59
45;CT/AG;-1.30;1.21;3.81;-0.44;-0.59;37.95
46;TA/TA;1.31;0.96;3.66;5.59;-1.55;37.80
47;AG/CT;0.21;0.38;3.56;-2.40;7.92;35.53
48;GC/GC;-0.65;0.30;2.67;1.80;6.80;26.74
49;CA/TG;-0.18;0.40;3.52;-2.68;11.30;35.17
50;AC/GT;0.38;-1.09;3.81;-7.55;9.68;28.26
51;CC/GG;0.11;0.12;3.37;12.72;1.57;35.77
52;CG/CG;-0.06;-0.16;3.49;-5.28;13.71;27.85
53;GC/GC;0.82;-0.52;3.25;8.73;4.22;33.21
54;CT/AG;-0.47;-0.03;3.40;0.94;14.29;33.64
55;TT/AA;0.83;0.55;3.36;3.39;-1.50;40.66
56;TA/TA;0.30;1.64;3.11;0.33;-11.27;32.27
57;AA/TT;-0.47;0.59;3.72;-0.99;2.09;37.45
58;AA/TT;-0.79;0.07;3.83;-10.56;1.87;41.06
59;AC/GT;0.37;1.13;2.88;-0.36;5.96;38.30
60;CG/CG;-0.59;0.63;3.41;-10.91;15.07;25.95
61;GC/GC;-1.16;-0.19;3.34;-2.64;6.17;39.07
62;CA/TG;-0.84;-0.34;3.35;-2.67;8.88;22.77
63;AC/GT;0.60;0.20;2.75;8.62;-1.78;36.76
64;CG/CG;0.54;0.43;3.54;-4.01;12.96;29.58
65;GT/AC;-0.09;1.19;4.02;8.48;-6.67;49.51
66;TA/TA;0.98;1.24;3.27;-0.33;-8.90;40.18
67;AC/GT;0.62;-0.09;3.21;-1.04;7.65;30.00
68;CG/CG;-1.21;0.91;3.78;4.08;-0.23;40.98
69;GC/GC;0.55;-0.12;2.86;3.18;9.46;26.37
70;CG/CG;-0.15;0.55;3.37;-8.78;0.97;29.24
71;GC/GC;0.00;-0.35;3.50;4.75;1.33;42.37
72;CT/AG;0.03;-0.68;3.43;5.66;14.60;35.71
73;TG/CA;1.21;-0.10;3.18;-4.62;3.74;28.24
74;GT/AC;-0.77;0.38;2.82;7.78;-2.13;29.01
75;TC/GA;0.18;1.01;3.29;6.91;2.69;42.20
76;CC/GG;0.69;0.81;3.57;2.40;3.91;37.03
77;CC/GG;-0.71;1.58;3.33;-0.91;-1.95;36.92
78;CC/GG;0.31;1.27;3.81;-2.71;-11.32;43.10
79;CC/GG;-0.92;-0.06;3.71;-5.76;3.72;37.66
80;CG/CG;0.20;0.08;3.02;-7.92;7.11;34.32
81;GC/GC;0.27;-0.70;3.89;4.13;5.12;34.51
82;CG/CG;-0.73;-0.25;3.33;-5.12;6.99;36.09
83;GT/AC;-0.79;-0.77;2.98;1.81;0.27;27.51
84;TT/AA;0.48;0.34;3.61;6.55;20.48;38.72
85;TT/AA;-0.39;0.80;3.58;-5.57;10.85;34.38
86;TT/AA;-0.33;3.77;3.29;-3.66;-16.72;46.78
87;TA/TA;0.26;2.36;3.41;1.23;-6.49;40.64
88;AA/TT;-0.83;2.67;3.31;-8.45;9.23;35.43
89;AC/GT;0.71;-0.05;2.87;-2.20;13.06;23.83
90;CC/GG;-0.00;-0.76;3.89;-5.34;8.94;35.47
91;CG/CG;-0.21;-0.64;3.40;4.05;21.19;27.46
92;GC/GC;-0.90;-0.42;2.91;-4.84;8.17;36.23
93;CC/GG;0.90;-0.56;3.53;-2.04;5.53;31.77
94;CA/TG;0.01;-0.79;3.08;3.41;14.47;30.36
95;AA/TT;-0.35;-0.65;3.76;3.33;-0.87;35.50
96;AG/CT;0.82;0.72;2.65;-1.68;-6.39;31.88
97;GG/CC;0.62;-0.35;4.03;8.86;4.77;36.15
98;GG/CC;0.20;0.46;3.18;-6.54;9.94;29.01
99;GG/CC;-1.59;0.24;3.23;-6.02;1.71;30.56
100;GA/TC;-0.12;0.38;3.38;-5.54;8.76;45.56
101;AT/AT;0.05;-0.62;3.75;-3.31;7.02;28.17
102;TT/AA;-0.36;0.35;3.00;2.74;14.14;34.29
103;TA/TA;0.77;1.05;3.65;-0.35;11.61;37.12
104;AC/GT;-0.88;0.51;3.03;-8.83;7.62;32.21
105;CT/AG;0.77;1.00;3.06;11.84;3.61;26.33
106;TC/GA;-0.57;1.59;3.54;8.89;9.82;34.26
107;CC/GG;1.18;2.33;4.27;2.14;-8.88;47.43
108;CC/GG;0.31;0.67;3.29;1.72;7.15;38.23
109;CT/AG;-0.16;0.09;2.99;5.31;-2.69;28.86
110;TA/TA;0.64;0.69;3.06;-3.72;11.28;40.55
111;AG/CT;-1.37;-0.16;4.01;-5.38;19.09;33.68
112;GT/AC;-0.72;-0.61;3.25;-0.77;8.74;23.12
113;TC/GA;1.19;0.91;3.15;7.29;8.66;41.19
114;CT/AG;-0.40;1.24;2.90;2.43;11.06;26.22
115;TC/GA;-1.07;1.31;3.25;2.68;3.92;39.66
116;CC/GG;1.11;0.68;4.40;2.94;0.98;44.23
117;CA/TG;0.21;1.46;3.34;9.15;9.22;26.84
118;AG/CT;-0.13;1.90;2.31;-13.59;-8.64;36.51
119;GG/CC;-0.22;-0.70;3.78;2.62;-0.36;38.22
120;GC/GC;-0.34;0.15;3.06;-3.43;7.82;39.73
121;CA/TG;0.65;0.28;3.49;-3.45;-6.93;39.40
122;AC/GT;-0.51;0.03;3.34;6.14;8.66;26.87
123;CG/CG;-0.13;1.02;3.40;-0.45;16.81;39.55
124;GT/AC;-0.02;0.28;3.08;0.30;11.81;20.04
125;TG/CA;-0.61;1.25;3.74;2.03;-13.91;41.47
126;GT/AC;-0.42;-0.33;3.75;0.77;1.06;39.45
127;TC/GA;1.57;1.10;3.74;3.95;-6.60;44.33
128;CA/TG;-1.64;0.88;2.95;-4.61;-1.26;35.56
129;AG/CT;0.66;-0.45;4.05;3.01;13.77;31.15
130;GA/TC;-0.71;0.80;3.25;-2.48;-6.19;42.09
131;AT/AT;-0.01;0.05;2.48;-4.73;-3.18;30.41
132;TA/TA;0.55;1.04;4.15;7.67;21.44;33.91
133;AT/AT;0.68;0.83;3.66;2.63;15.87;27.95
134;TA/TA;1.75;1.90;3.50;3.27;9.34;41.06
135;AT/AT;-0.53;-0.06;2.82;1.96;10.73;22.85
136;TA/TA;-0.58;1.55;3.74;-8.27;14.96;38.69
137;AC/GT;0.75;-0.11;3.08;8.90;0.11;25.21
138;CA/TG;-0.29;0.63;3.86;-2.10;2.67;38.46
139;AT/AT;-0.23;-0.60;3.62;-0.76;9.09;32.43
140;TC/GA;0.41;0.22;3.73;1.96;3.95;41.25
141;CG/CG;0.34;1.29;3.57;-3.84;14.68;32.97
142;GA/TC;-0.98;1.42;4.11;-3.69;2.51;35.59
1;TC/GA;-0.83;0.61;3.21;-0.32;1.57;36.59
2;CA/TG;-0.40;-0.22;3.67;-7.82;4.42;21.64
3;AG/CT;-0.65;0.32;3.71;-3.84;13.25;42.68
4;GA/TC;-0.04;0.22;3.60;0.30;-17.22;39.60
5;AA/TT;-0.04;-0.66;3.48;-3.12;13.37;22.04
6;AT/AT;-0.56;-0.48;3.49;-3.99;8.09;30.86
7;TC/GA;-0.19;0.60;2.95;5.24;5.46;42.19
8;CC/GG;0.65;0.19;3.58;-4.38;11.08;27.40
9;CC/GG;-0.42;0.22;3.58;-3.17;20.56;36.67
10;CG/CG;0.15;0.42;3.32;-4.74;5.88;40.41
11;GG/CC;-0.29;0.90;3.24;1.65;-1.65;34.38
12;GT/AC;-1.27;0.07;3.16;0.19;11.68;22.52
13;TG/CA;-0.33;0.40;3.63;3.31;6.70;42.43
14;GC/GC;1.26;-0.01;3.16;-0.46;1.77;30.45
15;CC/GG;-1.17;1.17;3.53;-3.43;-4.51;45.89
16;CG/CG;0.67;0.92;3.75;-5.17;1.73;29.40
17;GA/TC;-1.02;1.54;3.18;-6.28;-9.41;47.14
18;AG/CT;0.75;0.03;2.64;-4.87;5.67;23.27
19;GG/CC;-0.59;0.52;3.87;4.68;8.17;38.12
20;GC/GC;-1.53;-0.72;3.27;-5.55;8.55;33.59
21;CC/GG;0.72;0.35;3.35;0.11;4.38;32.33
22;CG/CG;0.40;0.76;3.43;-5.71;0.03;39.12
23;GC/GC;0.57;-0.35;3.66;5.43;2.23;37.77
24;CT/AG;-0.97;0.25;3.17;3.26;1.24;38.87
25;TC/GA;0.82;0.62;3.65;5.91;-9.05;42.47
26;CA/TG;0.31;1.05;3.38;-0.87;-6.77;32.64
27;AA/TT;-0.62;0.51;3.44;-5.01;4.63;30.52
28;AT/AT;-0.53;-0.36;3.19;0.95;7.45;35.19
29;TT/AA;0.58;0.67;4.42;-5.75;-2.29;44.31
30;TG/CA;0.52;-0.07;3.17;2.47;25.51;22.48
31;GG/CC;1.41;-0.63;3.57;4.18;10.75;27.91
32;GT/AC;-0.99;0.74;2.83;-3.30;1.15;35.05
33;TC/GA;0.13;0.23;3.37;-1.91;4.80;37.54
34;CG/CG;1.28;-0.20;3.66;3.76;11.20;34.22
35;GT/AC;-1.67;1.01;3.45;-3.05;-13.87;41.55
36;TA/TA;1.24;1.39;3.32;-3.55;-17.60;42.60
37;AG/CT;0.18;-0.62;3.44;2.12;-1.88;22.80
38;GA/TC;-0.73;0.87;3.32;1.57;-2.76;38.83
39;AC/GT;0.96;-0.59;3.62;-2.09;-6.16;39.14
40;CA/TG;0.72;-0.23;2.90;9.46;13.72;25.15
41;AG/CT;-0.68;-0.91;3.97;-6.28;23.98;30.71
42;GC/GC;-0.79;0.06;3.75;-9.11;-0.62;50.79
43;CT/AG;-1.11;-0.04;3.11;0.18;2.99;28.83
44;TC/GA;-0.13;0.59;3.17;0.42;-1.65;41.75
45;CT/AG;0.45;0.63;3.55;3.06;-2.85;32.18
46;TA/TA;-0.66;0.72;3.18;-8.55;-6.98;31.77
47;AG/CT;-0.79;0.15;3.68;-0.34;2.00;41.82
48;GC/GC;-0.09;0.11;3.34;-0.84;4.17;28.00
49;CA/TG;0.98;-0.70;3.77;3.84;11.73;41.42
50;AC/GT;0.28;0.08;2.37;3.92;19.33;23.71
51;CC/GG;-0.20;-1.89;3.50;-12.66;3.24;23.68
52;CG/CG;-0.26;-0.38;3.36;4.55;18.11;33.15
53;GC/GC;-1.29;0.44;3.39;2.79;-4.00;36.56
54;CT/AG;1.01;0.27;3.62;-1.95;12.43;32.94
55;TT/AA;1.09;1.04;3.43;11.28;8.87;37.94
56;TA/TA;0.54;1.81;2.57;-2.77;-11.77;35.70
57;AA/TT;-0.40;0.07;4.03;-3.12;-2.82;41.41
58;AA/TT;-0.31;0.10;3.59;-2.44;0.99;37.46
59;AC/GT;0.51;-0.43;3.52;-1.42;10.63;29.93
60;CG/CG;-0.96;0.56;2.98;-11.20;8.57;32.21
61;GC/GC;0.58;0.06;3.19;8.73;2.71;38.04
62;CA/TG;-0.59;-0.56;3.63;-4.00;17.59;36.84
63;AC/GT;-0.84;-0.20;3.53;-1.46;9.62;35.19
64;CG/CG;0.07;-0.19;3.57;9.73;10.81;25.91
65;GT/AC;-0.71;2.35;3.27;0.54;-8.65;50.04
66;TA/TA;1.94;1.74;3.66;-8.51;-3.34;44.39
67;AC/GT;-0.93;-0.13;2.98;1.45;8.00;31.20
68;CG/CG;-1.29;1.17;3.03;-3.21;-0.61;38.40
69;GC/GC;0.79;-0.11;3.73;-0.04;-6.71;38.63
70;CG/CG;-0.74;-0.57;2.71;6.00;11.84;19.31
71;GC/GC;0.74;-0.32;3.75;-0.07;-8.16;38.84
72;CT/AG;-0.24;-0.56;3.34;11.19;14.91;32.63
73;TG/CA;2.54;0.45;3.21;0.78;11.17;30.15
74;GT/AC;-0.49;0.24;2.91;-0.64;8.54;34.71
75;TC/GA;-0.28;1.25;3.23;8.84;-4.38;36.84
76;CC/GG;0.03;2.44;3.70;3.74;-9.76;49.73
77;CC/GG;1.26;0.51;3.35;3.02;2.38;27.26
78;CC/GG;-0.45;0.81;3.28;-1.87;2.55;40.79
79;CC/GG;0.17;0.44;3.84;-0.51;1.43;40.51
80;CG/CG;0.14;0.77;3.24;-0.09;4.86;35.22
81;GC/GC;-0.32;-0.49;3.53;-2.43;16.77;29.84
82;CG/CG;0.43;0.60;3.37;2.94;8.36;35.89
83;GT/AC;-1.09;-0.16;2.55;-4.96;14.07;17.80
84;TT/AA;-0.34;0.90;3.39;4.65;-5.33;41.30
85;TT/AA;1.23;1.43;3.88;7.32;-5.85;46.88
86;TT/AA;0.56;0.67;3.76;4.34;5.82;29.44
87;TA/TA;-0.04;2.01;3.25;4.79;-6.12;37.15
88;AA/TT;-1.20;1.11;2.90;-11.09;3.20;40.36
89;AC/GT;1.16;-0.78;4.26;0.07;7.06;25.25
90;CC/GG;-1.14;-0.66;3.18;2.57;0.16;31.58
91;CG/CG;0.45;-0.10;3.48;1.21;34.88;29.97
92;GC/GC;-0.79;-0.15;3.09;-0.36;2.95;38.27
93;CC/GG;0.56;-0.17;3.68;0.28;15.47;22.92
94;CA/TG;-0.98;0.40;3.52;-1.76;10.87;37.69
95;AA/TT;-0.38;-0.56;3.17;-5.42;4.40;37.30
96;AG/CT;1.41;-0.08;3.56;6.35;-0.73;26.37
97;GG/CC;-0.13;0.40;3.16;-5.93;-4.02;39.69
98;GG/CC;0.68;0.11;3.59;4.29;-4.50;33.65
99;GG/CC;-0.55;0.22;3.69;1.53;4.82;36.84
100;GA/TC;-0.31;0.29;3.06;-3.74;5.91;40.85
101;AT/AT;0.48;-0.43;3.21;1.37;-3.16;26.38
102;TT/AA;0.99;1.36;3.48;10.98;18.19;43.97
103;TA/TA;-1.04;-0.26;3.47;-6.97;11.59;21.31
104;AC/GT;0.15;-0.13;3.31;-2.00;-3.61;39.90
105;CT/AG;-0.80;-0.23;3.52;1.12;5.18;26.84
106;TC/GA;0.19;0.43;3.51;9.43;2.28;44.77
107;CC/GG;1.56;0.93;3.43;3.02;-0.76;35.74
108;CC/GG;-0.52;1.54;3.70;2.55;-16.59;38.53
109;CT/AG;0.41;0.21;3.50;-5.34;4.39;33.24
110;TA/TA;0.32;-0.52;3.42;-2.55;13.64;34.08
111;AG/CT;-0.33;0.54;3.87;5.03;8.98;43.42
112;GT/AC;-0.13;0.29;2.49;1.68;9.15;17.98
113;TC/GA;0.65;0.66;3.42;-2.10;6.99;42.62
114;CT/AG;-0.09;-0.07;3.03;2.36;11.94;30.59
115;TC/GA;0.41;-0.78;3.95;-3.59;8.38;36.64
116;CC/GG;0.59;0.40;3.63;2.46;-2.39;36.23
117;CA/TG;-1.14;1.34;3.89;7.18;-7.68;38.46
118;AG/CT;0.12;1.38;2.48;-18.10;-5.49;25.06
119;GG/CC;-1.03;0.26;4.26;3.28;-9.71;42.95
120;GC/GC;-0.17;-0.29;3.46;-3.44;-1.32;41.39
121;CA/TG;0.45;0.71;3.22;2.44;-1.81;37.97
122;AC/GT;-0.19;-0.15;3.28;-1.58;13.78;26.93
123;CG/CG;-0.14;0.59;3.45;6.54;4.84;40.89
124;GT/AC;-0.94;-0.38;3.14;-6.51;4.95;28.96
125;TG/CA;1.40;-0.42;3.43;5.47;9.59;31.02
126;GT/AC;-0.27;0.75;3.23;2.83;-10.52;41.01
127;TC/GA;1.04;2.01;3.15;9.99;-9.91;41.26
128;CA/TG;-0.51;1.58;4.26;-5.50;2.55;44.76
129;AG/CT;0.27;0.22;3.43;-0.57;5.70;22.44
130;GA/TC;-0.72;0.85;3.46;-1.07;2.72;44.73
131;AT/AT;0.78;-0.45;2.75;-2.28;3.34;31.88
132;TA/TA;-0.58;-0.45;4.06;6.63;13.35;38.65
133;AT/AT;-0.75;-0.11;3.31;-2.94;2.67;32.81
134;TA/TA;0.77;0.40;3.54;-7.03;14.08;23.59
135;AT/AT;0.11;-0.63;3.50;1.70;15.36;30.84
136;TA/TA;-0.37;0.77;3.69;5.14;11.13;38.39
137;AC/GT;0.35;1.39;2.70;1.22;5.02;26.46
138;CA/TG;-0.23;-0.52;3.83;-11.74;11.44;37.35
139;AT/AT;-0.45;-0.83;3.02;2.58;-0.55;29.33
140;TC/GA;-0.14;-0.46;3.84;0.09;4.98;36.74
141;CG/CG;1.11;0.69;3.36;7.23;20.21;26.95
142;GA/TC;-0.85;0.97;2.92;-10.16;0.27;28.44
1;TC/GA;0.04;1.09;3.19;4.09;1.03;40.16
2;CA/TG;-0.89;1.21;2.87;1.09;0.62;29.55
3;AG/CT;0.34;0.01;3.31;0.03;9.62;35.36
4;GA/TC;1.12;-0.50;3.82;3.06;3.45;35.90
5;AA/TT;0.20;-0.56;3.18;-6.96;4.63;37.73
6;AT/AT;-1.34;-1.03;3.31;-0.15;12.41;29.87
7;TC/GA;-0.75;-0.87;2.82;-0.19;9.38;32.80
8;CC/GG;0.64;0.02;3.77;-3.35;2.67;40.25
9;CC/GG;-0.50;-0.39;3.44;1.04;13.39;31.78
10;CG/CG;1.17;0.59;3.05;-0.27;10.84;29.73
11;GG/CC;-0.68;2.21;3.45;-5.20;-1.38;45.18
12;GT/AC;-0.12;-0.13;3.45;2.53;10.17;22.99
13;TG/CA;-0.05;0.23;3.09;0.10;4.63;35.66
14;GC/GC;0.94;-0.66;3.42;4.98;8.46;33.20
15;CC/GG;-0.94;0.91;4.11;-3.14;-14.95;42.73
16;CG/CG;1.24;1.62;3.48;5.75;-5.22;36.99
17;GA/TC;-0.04;1.85;3.39;-1.12;-2.76;39.97
18;AG/CT;1.10;0.55;3.18;0.27;13.15;20.76
19;GG/CC;-1.11;0.44;3.36;-1.61;6.64;34.52
20;GC/GC;-0.30;0.09;3.23;-2.65;12.05;43.03
21;CC/GG;-0.27;-0.34;3.50;-8.01;7.52;30.02
22;CG/CG;0.01;0.10;3.11;1.77;2.82;34.92
23;GC/GC;0.13;0.37;3.44;-2.51;-5.12;43.30
24;CT/AG;-0.48;-0.30;2.82;6.35;3.73;32.16
25;TC/GA;0.03;0.21;3.13;4.40;-4.20;37.80
26;CA/TG;2.16;1.94;3.78;-5.80;-15.24;41.40
27;AA/TT;-1.39;0.55;3.58;-0.66;1.59;35.15
28;AT/AT;-0.25;-0.77;3.60;-3.43;5.60;35.06
29;TT/AA;-0.45;0.19;3.14;5.88;5.53;34.66
30;TG/CA;0.70;0.17;3.54;-0.98;13.38;32.88
31;GG/CC;1.29;0.38;3.38;2.83;5.93;35.53
32;GT/AC;0.29;0.26;3.06;2.12;10.20;23.07
33;TC/GA;-0.63;0.69;3.21;2.33;8.61;44.25
34;CG/CG;-0.06;-0.18;3.35;1.47;7.06;24.21
35;GT/AC;-1.00;1.54;3.47;-3.51;-17.86;44.66
36;TA/TA;1.14;0.82;4.20;2.70;-3.45;45.07
37;AG/CT;0.11;0.66;3.30;-0.70;-1.21;25.35
38;GA/TC;-0.58;1.03;2.90;-2.33;4.37;33.45
39;AC/GT;0.58;0.14;2.92;3.32;7.54;24.84
40;CA/TG;-0.15;0.70;3.40;-5.90;1.04;41.33
41;AG/CT;-0.04;-0.75;4.01;3.98;15.10;29.17
42;GC/GC;-0.24;0.20;3.02;1.15;4.12;37.07
43;CT/AG;1.35;-0.06;3.71;5.73;5.29;34.59
44;TC/GA;-0.02;1.83;3.61;0.01;2.86;39.85
45;CT/AG;-0.18;0.81;2.94;0.60;6.74;31.45
46;TA/TA;-1.55;0.82;3.78;-2.93;4.14;46.62
47;AG/CT;0.21;1.30;3.30;-5.91;-23.26;41.27
48;GC/GC;0.45;-0.02;2.86;0.15;9.88;21.46
49;CA/TG;-0.10;0.44;3.64;4.35;4.09;39.02
50;AC/GT;1.30;-0.21;2.89;-1.16;11.32;18.26
51;CC/GG;0.88;-0.53;3.90;5.45;11.01;38.56
52;CG/CG;-0.79;-0.91;3.51;-7.68;26.18;27.53
53;GC/GC;-0.54;-0.17;3.17;0.49;-3.48;43.19
54;CT/AG;-0.46;0.39;3.26;1.86;0.73;31.02
55;TT/AA;0.29;0.61;3.49;0.75;-1.08;44.95
56;TA/TA;1.61;1.16;3.83;10.28;-4.66;33.42
57;AA/TT;-0.40;0.83;3.28;-5.90;-0.87;32.77
58;AA/TT;-1.17;0.97;2.96;-9.75;-3.33;47.93
59;AC/GT;0.44;-0.55;3.39;-0.85;1.91;27.62
60;CG/CG;0.12;-0.17;3.42;-0.95;8.73;43.63
61;GC/GC;0.39;-0.77;3.91;-1.19;8.33;37.46
62;CA/TG;-0.43;-0.75;2.57;3.08;12.24;24.89
63;AC/GT;-0.25;-0.03;2.83;6.77;4.62;31.84
64;CG/CG;-0.24;0.36;3.76;3.56;16.19;31.71
65;GT/AC;-0.70;1.03;3.47;-4.31;-12.26;45.75
66;TA/TA;1.71;0.81;3.64;1.05;-14.44;41.73
67;AC/GT;0.45;0.20;3.10;5.77;9.02;28.00
68;CG/CG;-0.08;0.85;3.69;6.06;9.36;38.81
69;GC/GC;0.30;-0.00;3.20;-4.89;9.43;24.33
70;CG/CG;-0.53;0.31;2.95;-7.83;4.53;31.37
71;GC/GC;0.13;-0.35;3.88;4.85;-3.71;44.45
72;CT/AG;0.32;-0.10;3.11;6.67;9.31;35.11
73;TG/CA;0.44;-0.96;3.37;0.81;8.66;27.50
74;GT/AC;0.24;0.38;2.92;5.23;9.31;33.78
75;TC/GA;0.56;1.09;3.56;3.65;-7.89;45.74
76;CC/GG;1.34;1.23;3.21;9.50;4.40;34.36
77;CC/GG;-0.47;1.82;2.86;-1.10;0.40;33.41
78;CC/GG;-0.05;1.21;4.29;-5.41;-1.42;43.89
79;CC/GG;-0.72;0.18;3.56;-6.50;2.31;37.89
80;CG/CG;0.70;0.09;3.31;2.33;13.60;31.35
81;GC/GC;-0.56;-0.51;3.27;-7.08;0.92;30.73
82;CG/CG;0.77;0.39;3.65;2.93;0.85;38.00
83;GT/AC;-0.22;-0.03;2.70;5.98;8.12;21.23
84;TT/AA;0.10;-0.78;3.61;1.59;11.98;34.39
85;TT/AA;1.31;0.95;3.73;8.25;8.06;31.50
86;TT/AA;-0.33;2.60;2.85;-0.92;1.06;50.32
87;TA/TA;0.16;3.12;3.38;-2.06;-18.74;42.31
88;AA/TT;0.50;3.15;4.36;2.66;-0.12;43.12
89;AC/GT;1.48;-0.06;3.09;9.56;1.14;30.69
90;CC/GG;-1.19;-0.34;3.29;-7.81;22.32;25.89
91;CG/CG;-2.01;-0.88;3.60;-6.93;34.35;26.16
92;GC/GC;-0.48;-0.47;3.61;-2.70;7.48;39.40
93;CC/GG;-0.68;-0.88;3.54;-3.57;3.62;28.07
94;CA/TG;-0.75;0.43;3.40;-1.56;6.21;32.97
95;AA/TT;-0.76;0.01;3.25;-3.21;1.98;38.49
96;AG/CT;-0.01;0.14;3.22;-6.12;3.92;41.35
97;GG/CC;0.42;-0.21;2.66;-10.16;2.82;32.67
98;GG/CC;-0.88;-0.41;3.24;-3.46;-6.12;28.34
99;GG/CC;0.03;0.84;4.53;6.21;-7.57;45.05
100;GA/TC;-1.34;-0.11;3.20;-9.26;7.82;27.24
101;AT/AT;0.29;-0.24;2.75;5.66;5.36;34.06
102;TT/AA;0.43;0.47;3.66;2.25;8.16;38.96
103;TA/TA;0.34;-0.39;3.57;-2.09;13.25;31.70
104;AC/GT;-0.07;-0.17;3.41;-2.68;8.44;33.86
105;CT/AG;0.59;1.20;3.23;9.26;11.15;27.91
106;TC/GA;-0.64;1.06;3.05;3.02;-3.98;30.83
107;CC/GG;0.84;2.18;3.85;4.88;-12.27;52.80
108;CC/GG;-0.11;0.53;3.99;-9.29;6.01;41.27
109;CT/AG;-0.43;-0.11;2.83;1.60;3.48;25.39
110;TA/TA;0.76;0.31;2.50;-3.15;0.16;35.93
111;AG/CT;-1.79;-0.27;3.33;-5.41;13.72;29.75
112;GT/AC;0.49;0.41;4.03;7.70;2.17;46.80
113;TC/GA;0.80;0.67;2.84;0.31;11.12;22.24
114;CT/AG;0.81;0.22;3.59;-3.63;10.29;34.57
115;TC/GA;-0.65;0.83;2.59;12.09;5.99;23.49
116;CC/GG;0.67;1.22;3.92;-0.43;-4.08;42.57
117;CA/TG;0.44;1.40;3.32;3.79;-5.70;38.01
118;AG/CT;0.58;1.80;3.37;-8.55;-16.28;37.94
119;GG/CC;1.09;-0.96;3.67;4.13;6.93;26.01
120;GC/GC;-0.73;0.48;3.58;3.54;-0.21;53.35
121;CA/TG;-0.86;0.58;3.92;-6.96;11.58;36.60
122;AC/GT;0.04;0.41;2.83;-2.11;0.03;30.96
123;CG/CG;0.49;1.51;3.18;3.48;8.68;42.21
124;GT/AC;-0.36;0.42;3.16;-3.67;10.65;25.41
125;TG/CA;-0.75;0.49;3.45;-5.19;2.22;26.14
126;GT/AC;-0.29;1.76;3.26;5.61;-9.43;51.92
127;TC/GA;1.07;1.77;2.70;8.95;-3.48;38.22
128;CA/TG;0.31;1.80;4.07;-11.15;-2.50;43.60
129;AG/CT;-0.28;-0.80;3.48;4.23;3.41;29.19
130;GA/TC;0.36;0.18;3.32;0.05;-5.50;38.39
131;AT/AT;-0.19;-0.84;3.36;0.90;9.23;32.71
132;TA/TA;0.49;0.12;3.67;1.11;15.96;36.02
133;AT/AT;-0.11;-0.58;2.99;2.34;5.30;25.67
134;TA/TA;0.92;0.92;4.66;0.89;29.33;43.06
135;AT/AT;-0.34;0.34;2.74;0.83;3.42;15.00
136;TA/TA;-1.58;1.80;3.50;-13.73;6.24;40.81
137;AC/GT;0.36;0.12;2.86;-0.94;4.21;23.63
138;CA/TG;0.05;-0.35;3.98;5.74;6.46;36.49
139;AT/AT;-0.55;-0.52;3.54;8.56;13.44;37.29
140;TC/GA;0.62;0.57;3.80;-5.63;9.08;35.43
141;CG/CG;0.43;0.99;3.42;1.73;15.63;28.94
142;GA/TC;0.86;1.27;3.37;-5.48;4.03;30.60
1;TC/GA;1.48;0.55;3.57;2.22;-0.64;38.81
2;CA/TG;-0.92;0.02;2.83;-2.78;9.25;26.36
3;AG/CT;0.33;-0.52;3.30;-0.36;8.77;36.60
4;GA/TC;0.08;0.12;3.51;6.74;-1.99;42.16
5;AA/TT;-0.59;-0.62;3.42;-7.95;12.33;34.22
6;AT/AT;-0.34;0.31;2.60;5.58;-0.36;18.75
7;TC/GA;-0.32;0.81;3.76;-1.80;5.59;40.38
8;CC/GG;0.78;-0.58;2.94;-3.30;5.69;35.53
9;CC/GG;-0.36;-1.39;4.07;2.33;12.93;32.03
10;CG/CG;0.77;-0.11;3.76;-1.88;24.44;33.28
11;GG/CC;0.61;0.87;3.24;-6.30;5.92;28.63
12;GT/AC;-0.72;0.15;2.67;1.48;-0.55;25.98
13;TG/CA;-0.79;0.86;3.48;-4.83;-6.38;45.10
14;GC/GC;1.07;0.13;3.54;6.35;4.07;36.88
15;CC/GG;-0.06;1.69;3.16;1.38;0.97;39.49
16;CG/CG;0.12;1.69;3.62;-5.69;-4.21;40.49
17;GA/TC;0.16;2.14;3.76;-0.17;-10.50;44.21
18;AG/CT;-0.52;0.19;3.40;-5.50;15.01;20.09
19;GG/CC;-0.14;0.08;3.27;0.80;0.55;32.84
20;GC/GC;-0.18;0.25;3.66;6.08;4.52;44.35
21;CC/GG;0.21;0.64;2.89;7.17;4.66;31.08
22;CG/CG;-0.07;-0.09;3.47;-5.99;12.80;37.61
23;GC/GC;1.16;0.00;3.31;4.44;14.00;32.10
24;CT/AG;-0.81;1.02;2.99;8.29;-6.20;31.02
25;TC/GA;0.26;1.69;3.11;-2.59;1.95;43.26
26;CA/TG;1.22;3.29;3.59;5.03;-12.30;46.03
27;AA/TT;-0.60;0.36;3.45;-7.40;-0.67;36.66
28;AT/AT;0.35;-1.01;3.87;-3.48;-2.86;34.91
29;TT/AA;0.50;-0.27;2.81;15.25;8.46;34.40
30;TG/CA;0.67;-0.66;3.74;-1.02;17.08;29.94
31;GG/CC;2.15;-0.22;3.70;7.40;8.37;34.96
32;GT/AC;-1.00;-0.36;2.85;0.66;6.47;28.98
33;TC/GA;0.62;0.37;3.14;6.40;4.88;45.70
34;CG/CG;0.33;-0.10;3.83;-5.02;17.18;34.00
35;GT/AC;-1.10;-0.02;3.20;-7.30;-6.58;29.93
36;TA/TA;-0.78;1.90;3.69;2.06;-12.95;47.87
37;AG/CT;1.59;2.26;2.96;-2.25;-9.77;30.53
38;GA/TC;-1.27;0.27;3.29;-0.89;16.17;40.30
39;AC/GT;-0.27;-0.41;3.09;-7.67;9.00;30.01
40;CA/TG;-0.38;-0.40;3.28;-4.75;18.15;19.42
41;AG/CT;-0.32;-0.11;3.71;-3.23;-0.23;36.83
42;GC/GC;-0.06;-0.47;3.62;-1.61;-4.08;39.58
43;CT/AG;0.11;-0.48;3.26;4.36;10.35;32.68
44;TC/GA;0.90;1.00;3.34;6.15;5.41;44.10
45;CT/AG;-0.93;0.89;3.69;-2.22;8.92;25.66
46;TA/TA;-0.81;1.93;3.26;-2.70;-11.30;47.19
47;AG/CT;0.22;0.77;3.18;-5.67;-6.72;38.23
48;GC/GC;-0.43;0.37;2.81;8.48;4.26;25.38
49;CA/TG;0.02;0.66;3.51;-7.55;22.00;28.59
50;AC/GT;0.24;-0.52;4.22;-9.21;1.43;44.43
51;CC/GG;-0.26;-2.00;3.14;5.93;4.48;27.21
52;CG/CG;-0.26;-0.67;2.62;3.14;13.32;20.94
53;GC/GC;0.16;-0.38;3.88;-1.75;-4.87;43.56
54;CT/AG;-0.18;-0.08;3.17;11.28;13.36;33.40
55;TT/AA;0.56;1.21;3.26;4.38;4.07;35.10
56;TA/TA;-0.13;2.52;2.69;-8.14;-3.80;40.03
57;AA/TT;-0.51;-0.15;4.24;-3.48;3.31;35.28
58;AA/TT;-0.75;1.62;3.57;-6.48;-1.33;44.22
59;AC/GT;-0.41;1.61;2.38;-3.30;6.44;26.76
60;CG/CG;-0.65;0.53;3.45;-4.06;12.39;35.72
61;GC/GC;0.55;0.26;3.60;-4.18;2.38;39.32
62;CA/TG;0.23;-0.52;3.18;7.44;12.62;30.30
63;AC/GT;0.11;-0.42;2.93;6.14;11.26;29.16
64;CG/CG;0.34;-0.08;3.75;4.21;18.80;32.46
65;GT/AC;-0.70;1.51;3.00;-3.35;-11.39;43.13
66;TA/TA;1.36;1.01;3.22;-1.25;-2.90;42.91
67;AC/GT;-0.44;0.35;3.35;0.76;1.72;30.34
68;CG/CG;-0.22;1.69;3.66;4.56;-2.87;44.98
69;GC/GC;-0.06;-0.02;2.70;-3.47;6.25;24.12
70;CG/CG;-0.01;0.33;3.95;-2.18;2.79;37.81
71;GC/GC;-0.07;-0.67;3.13;1.29;15.75;35.04
72;CT/AG;-0.16;-1.20;4.18;0.64;0.78;31.61
73;TG/CA;0.38;0.05;2.88;1.59;5.33;30.39
74;GT/AC;-0.57;0.24;3.50;-4.98;2.77;33.87
75;TC/GA;0.58;0.32;3.13;12.45;-1.79;34.09
76;CC/GG;0.17;2.09;3.81;1.04;-7.96;48.01
77;CC/GG;-0.58;1.62;2.89;2.42;3.91;30.69
78;CC/GG;0.76;2.00;3.62;-4.91;-2.96;48.87
79;CC/GG;-0.49;0.52;3.30;-2.26;6.15;33.36
80;CG/CG;-0.18;0.37;3.35;-8.05;15.68;32.31
81;GC/GC;0.82;0.08;3.49;-0.22;-7.80;43.17
82;CG/CG;-0.04;0.21;2.71;-2.09;6.87;33.47
83;GT/AC;-1.24;0.12;3.53;0.53;9.66;27.62
84;TT/AA;0.26;-0.41;3.22;2.22;12.71;32.42
85;TT/AA;0.13;-0.16;3.42;2.31;3.92;30.52
86;TT/AA;-0.60;3.02;3.77;0.10;-15.47;49.51
87;TA/TA;0.66;3.42;2.89;-5.27;-20.72;37.42
88;AA/TT;-1.24;0.55;3.78;-6.72;4.98;34.96
89;AC/GT;0.89;-0.96;3.61;-1.77;-1.06;39.71
90;CC/GG;-1.08;-1.31;3.28;1.22;13.70;21.18
91;CG/CG;-0.42;-0.98;3.46;-0.38;25.63;27.54
92;GC/GC;0.16;-0.14;2.77;1.58;1.60;34.39
93;CC/GG;-0.88;0.13;3.91;-6.42;-0.66;40.07
94;CA/TG;0.32;0.04;3.61;6.63;18.42;33.95
95;AA/TT;-0.38;-0.33;3.24;-2.91;-4.04;34.66
96;AG/CT;-0.10;0.29;3.13;2.63;6.86;40.27
97;GG/CC;0.94;0.13;3.60;5.54;3.67;32.75
98;GG/CC;-0.81;1.15;3.17;-10.83;1.81;31.53
99;GG/CC;0.92;0.46;3.07;-4.36;-13.91;41.45
100;GA/TC;-1.46;0.34;3.47;0.32;4.19;35.21
101;AT/AT;1.51;-0.75;3.77;7.49;5.28;32.08
102;TT/AA;-0.11;0.13;3.48;0.15;5.74;33.63
103;TA/TA;0.43;-0.69;3.37;5.01;19.06;32.18
104;AC/GT;-0.36;-0.07;2.67;-0.93;5.28;28.48
105;CT/AG;0.55;2.16;2.95;12.15;-0.23;30.73
106;TC/GA;0.44;2.02;3.73;3.46;5.24;40.22
107;CC/GG;1.41;1.28;3.73;6.15;-1.07;43.93
108;CC/GG;-0.52;0.90;3.56;-5.16;-2.97;39.99
109;CT/AG;0.10;0.19;3.05;4.60;4.82;29.90
110;TA/TA;0.69;-0.16;3.31;0.11;5.36;35.26
111;AG/CT;-0.55;0.19;3.61;-4.11;18.66;37.80
112;GT/AC;-0.10;-0.39;3.21;-6.15;0.41;30.16
113;TC/GA;-0.07;0.64;3.15;4.45;11.67;39.81
114;CT/AG;1.16;-0.02;3.10;1.22;13.43;19.10
115;TC/GA;-0.49;0.71;3.77;-1.15;8.11;40.32
116;CC/GG;0.39;2.40;3.02;13.48;-12.47;40.62
117;CA/TG;0.64;3.13;3.72;2.51;-0.04;41.15
118;AG/CT;-0.26;2.54;2.69;-9.75;-2.59;39.38
119;GG/CC;0.18;-0.16;3.58;3.77;7.11;37.01
120;GC/GC;-0.06;-0.60;3.39;-3.35;6.95;40.99
121;CA/TG;0.31;0.28;3.32;-0.82;7.92;32.22
122;AC/GT;-0.13;0.62;3.29;-3.69;-0.08;32.82
123;CG/CG;0.05;1.02;2.85;-2.96;11.53;28.52
124;GT/AC;-0.02;1.11;3.54;3.25;3.45;42.21
125;TG/CA;0.06;-0.13;3.23;0.85;9.98;23.94
126;GT/AC;-0.20;1.41;3.35;1.62;-19.95;42.63
127;TC/GA;2.08;1.54;3.25;13.93;-2.19;39.72
128;CA/TG;-0.52;0.60;4.14;-4.90;2.53;42.53
129;AG/CT;0.61;-0.23;3.49;-7.25;3.01;36.16
130;GA/TC;-0.15;0.08;4.05;11.39;-1.75;41.47
131;AT/AT;-0.55;-0.52;3.51;-6.43;2.82;28.92
132;TA/TA;-0.74;-0.15;3.57;-0.46;18.03;36.79
133;AT/AT;0.97;-1.20;3.51;-2.49;-4.79;23.47
134;TA/TA;0.88;-0.17;3.59;14.22;5.12;38.64
135;AT/AT;0.18;0.28;3.25;3.22;14.88;24.75
136;TA/TA;0.34;1.49;3.59;3.74;20.83;27.51
137;AC/GT;0.74;0.51;2.46;2.83;0.36;30.10
138;CA/TG;-0.15;-0.51;3.85;-8.11;12.77;37.65
139;AT/AT;-0.43;-0.93;3.39;5.77;5.64;30.21
140;TC/GA;0.09;1.03;3.16;1.12;1.95;40.56
141;CG/CG;0.63;0.47;3.62;2.89;20.00;28.70
142;GA/TC;0.57;1.41;3.21;-4.16;11.18;40.17
1;AT/AT;-0.03;-0.68;3.11;-2.41;12.87;19.64
2;TC/GA;0.11;1.00;3.05;8.24;2.11;41.07
3;CA/TG;-0.30;0.11;3.61;2.36;23.29;29.94
4;AG/CT;1.31;-0.28;3.09;-2.60;6.17;27.85
5;GA/TC;-0.67;0.55;3.54;1.48;-2.96;41.50
6;AA/TT;0.62;0.53;3.02;-4.82;7.81;37.43
7;AT/AT;-1.31;0.26;3.24;5.09;5.78;27.33
8;TC/GA;-0.05;0.69;3.40;-4.90;-0.06;42.77
9;CC/GG;0.97;-0.29;3.44;2.77;5.92;35.05
10;CC/GG;0.59;-0.17;3.51;3.43;13.06;34.67
11;CG/CG;0.15;0.26;3.25;1.04;15.94;27.23
12;GG/CC;-0.56;0.67;3.28;1.04;9.82;34.62
13;GT/AC;0.31;-0.05;3.44;-1.18;7.37;31.71
14;TG/CA;0.12;0.68;3.43;3.09;7.28;36.87
15;GC/GC;0.29;0.43;3.99;-3.91;-2.70;42.63
16;CC/GG;-0.23;1.96;3.58;0.66;-14.68;42.08
17;CG/CG;0.71;1.36;3.31;10.66;4.33;28.54
18;GA/TC;-0.42;1.36;3.56;-3.43;2.47;43.60
19;AG/CT;-0.09;0.07;2.62;-9.84;10.35;20.86
20;GG/CC;-0.22;-0.32;3.15;-5.12;-5.96;36.18
21;GC/GC;-0.55;-0.53;3.56;-1.11;5.59;46.33
22;CC/GG;0.03;0.74;3.04;8.61;3.41;30.45
23;CG/CG;-0.28;0.35;4.22;0.76;20.63;43.14
24;GC/GC;0.98;0.92;2.64;0.98;-0.54;35.64
25;CT/AG;-0.45;1.42;2.96;1.48;9.29;27.24
26;TC/GA;0.21;1.75;3.41;4.52;-5.59;46.13
27;CA/TG;0.72;2.63;3.33;-1.89;-6.02;40.83
28;AA/TT;-0.34;1.29;3.88;-2.55;1.47;34.05
29;AT/AT;0.32;-0.13;3.45;0.72;-3.55;41.13
30;TT/AA;0.08;-0.49;3.90;6.76;13.45;37.72
31;TG/CA;0.89;-0.26;3.18;-4.91;25.02;22.11
32;GG/CC;-0.13;-0.17;3.23;5.65;8.70;32.24
33;GT/AC;-1.41;-0.68;3.14;0.04;0.26;26.90
34;TC/GA;1.00;0.30;3.61;-2.35;-6.94;44.47
35;CG/CG;0.32;0.32;2.85;2.89;-3.05;29.95
36;GT/AC;0.04;-0.05;3.53;8.73;-1.49;43.17
37;TA/TA;0.85;1.04;3.92;2.45;-14.18;44.59
38;AG/CT;0.01;-0.07;3.15;0.42;7.12;23.98
39;GA/TC;-0.43;1.28;3.09;-4.04;1.90;48.53
40;AC/GT;0.97;0.04;2.87;7.11;3.08;26.35
41;CA/TG;-0.29;-0.64;4.12;-4.81;11.75;41.91
42;AG/CT;-0.28;-0.56;3.35;-2.29;10.74;37.65
43;GC/GC;-0.57;0.35;3.06;-0.66;0.91;33.89
44;CT/AG;0.94;-0.61;3.70;0.46;-0.92;30.97
45;TC/GA;-0.16;-0.61;3.20;2.45;7.22;32.30
46;CT/AG;-0.04;-0.06;3.24;4.53;16.56;36.28
47;TA/TA;0.08;3.65;3.79;-1.77;-41.23;45.33
48;AG/CT;0.73;0.02;3.88;-1.16;8.19;31.45
49;GC/GC;0.26;0.37;3.42;2.05;5.62;40.30
50;CA/TG;0.59;-0.84;3.46;3.44;17.31;15.41
51;AC/GT;-0.51;0.17;2.77;3.72;3.67;32.65
52;CC/GG;0.36;-0.86;3.61;-3.88;15.00;39.53
53;CG/CG;-0.13;-0.77;2.98;-1.54;17.65;22.37
54;GC/GC;-0.44;-0.39;3.97;-4.81;3.35;41.20
55;CT/AG;-0.81;-0.36;3.06;5.98;2.88;33.82
56;TT/AA;1.22;1.32;3.10;4.58;-4.26;39.03
57;TA/TA;0.02;1.79;3.52;-1.15;-13.86;42.66
58;AA/TT;-1.50;0.50;3.21;-2.93;-2.27;34.50
59;AA/TT;0.09;-0.31;3.31;1.38;7.89;39.02
60;AC/GT;0.78;0.97;2.86;7.78;8.52;25.86
61;CG/CG;-0.26;0.46;3.18;-19.63;5.32;37.03
62;GC/GC;0.10;-0.48;3.98;12.81;-1.74;41.05
63;CA/TG;-0.15;0.40;3.72;5.21;23.73;26.48
64;AC/GT;-0.46;1.38;2.45;-3.15;0.58;31.92
65;CG/CG;-0.28;-0.03;4.07;0.42;21.58;39.98
66;GT/AC;-1.45;0.80;3.86;-0.81;-4.44;43.46
67;TA/TA;1.35;1.22;3.23;4.08;-6.67;42.01
68;AC/GT;-0.31;0.53;3.32;-10.66;-10.86;33.60
69;CG/CG;0.28;0.47;2.80;4.19;1.08;34.03
70;GC/GC;0.42;-0.10;2.93;5.56;12.40;23.31
71;CG/CG;0.02;0.56;3.66;1.44;10.14;43.72
72;GC/GC;-0.20;-0.68;3.41;0.31;5.82;31.06
73;CT/AG;1.11;0.08;3.63;4.76;12.29;35.74
74;TG/CA;0.48;0.98;3.46;-1.11;14.35;33.78
75;GT/AC;-0.43;1.09;2.67;1.37;3.51;20.70
76;TC/GA;0.28;1.54;3.75;-0.09;-4.15;41.52
77;CC/GG;-0.80;0.65;3.26;5.19;0.03;38.82
78;CC/GG;1.62;1.07;3.71;1.28;-6.35;33.08
79;CC/GG;-0.17;0.56;3.16;3.26;-8.04;41.97
80;CC/GG;-0.79;-0.88;3.65;-5.86;12.74;29.64
81;CG/CG;-0.23;-0.25;3.69;4.62;18.87;34.69
82;GC/GC;-0.08;0.07;3.05;-8.22;5.75;34.12
83;CG/CG;-0.03;0.19;3.45;4.39;6.85;39.81
84;GT/AC;-0.91;0.11;3.35;-3.78;4.69;32.09
85;TT/AA;1.14;0.19;3.13;3.05;-0.63;36.91
86;TT/AA;0.11;-0.11;3.57;5.34;3.45;36.16
87;TT/AA;-0.06;0.16;3.39;10.45;9.24;29.64
88;TA/TA;-0.73;2.15;3.55;-7.60;-10.86;41.39
89;AA/TT;-0.85;0.62;3.10;-4.36;0.48;38.19
90;AC/GT;0.41;0.32;3.17;-6.13;0.36;41.33
91;CC/GG;0.06;-0.96;3.84;3.27;6.02;33.51
92;CG/CG;-0.47;-0.54;3.05;-3.76;3.93;22.40
93;GC/GC;0.22;-0.77;3.30;2.21;13.16;33.42
94;CC/GG;0.69;0.37;3.61;6.86;11.03;29.81
95;CA/TG;-0.08;0.08;3.26;0.45;15.32;22.25
96;AA/TT;-0.78;0.62;3.97;3.38;-3.45;44.03
97;AG/CT;1.19;1.42;3.21;-5.80;0.34;41.28
98;GG/CC;-0.49;1.13;3.26;-2.94;-8.89;36.89
99;GG/CC;1.17;0.21;3.74;8.07;2.40;29.88
100;GG/CC;-0.90;1.10;3.63;1.41;13.24;34.51
101;GA/TC;-0.58;1.24;2.82;-11.43;0.82;41.59
102;AT/AT;0.32;-0.60;3.40;-2.04;7.34;30.37
103;TT/AA;0.16;-0.55;3.80;2.95;6.46;37.41
104;TA/TA;0.76;1.45;3.26;0.60;17.81;36.72
105;AC/GT;0.05;0.70;3.61;-2.86;14.91;21.07
106;CT/AG;0.05;1.12;3.18;4.50;-9.57;40.35
107;TC/GA;0.34;0.83;3.25;8.66;2.28;23.91
108;CC/GG;0.91;2.21;3.66;2.33;-8.52;50.80
109;CC/GG;-0.42;0.35;3.92;-6.83;2.06;40.84
110;CT/AG;-0.02;-0.05;2.83;-0.66;11.61;26.89
111;TA/TA;1.25;0.31;3.13;4.93;-4.15;38.43
112;AG/CT;-0.98;0.29;3.63;-1.29;5.35;31.25
113;GT/AC;-0.42;-0.25;3.43;-2.15;7.52;34.61
114;TC/GA;0.18;0.01;3.19;-2.54;14.79;34.18
115;CT/AG;0.44;-0.57;3.40;4.32;8.22;37.03
116;TC/GA;0.60;0.26;2.88;8.76;3.35;31.15
117;CC/GG;0.23;1.28;3.76;-0.63;2.78;42.53
118;CA/TG;0.82;0.65;3.15;-12.33;-15.24;31.12
119;AG/CT;-1.24;0.61;4.16;4.57;-7.87;33.63
120;GG/CC;1.47;0.79;2.80;-6.02;-8.18;45.80
121;GC/GC;-1.35;-0.72;4.15;0.66;10.41;36.45
122;CA/TG;-0.16;0.56;3.17;1.33;0.55;37.66
123;AC/GT;0.20;-0.85;3.67;-5.27;6.62;35.67
124;CG/CG;-0.22;0.78;3.36;4.09;2.01;40.86
125;GT/AC;0.22;0.14;2.84;-0.70;8.73;19.58
126;TG/CA;0.00;1.59;3.36;5.33;4.79;33.80
127;GT/AC;0.26;1.53;3.37;2.48;-8.16;42.93
128;TC/GA;1.49;1.57;3.20;7.93;-2.92;41.79
129;CA/TG;-1.11;1.10;3.72;-2.81;9.37;36.06
130;AG/CT;-0.61;0.33;3.21;-3.95;7.45;34.44
131;GA/TC;-0.16;0.44;3.31;-4.75;7.36;43.68
132;AT/AT;-1.17;0.39;4.04;5.12;9.60;25.38
133;TA/TA;1.87;1.55;3.27;2.36;7.60;41.46
134;AT/AT;0.17;-0.10;2.74;-3.65;16.06;21.94
135;TA/TA;-0.16;0.27;3.65;-5.84;13.66;38.42
136;AT/AT;0.86;-0.42;3.29;4.73;16.05;23.10
137;TA/TA;-1.29;1.28;3.21;0.76;1.76;41.44
138;AC/GT;1.07;-0.09;3.18;2.97;11.46;23.13
139;CA/TG;-0.65;0.67;3.76;-3.44;16.38;41.54
140;AT/AT;0.43;-0.51;3.42;-3.96;3.04;34.19
141;TC/GA;-0.59;-0.58;3.54;-4.46;3.13;38.71
142;CG/CG;-0.08;1.17;4.01;5.46;2.31;35.73
143;GA/TC;0.14;1.93;2.87;0.54;6.79;23.80
144;AT/AT;-3.07;1.96;4.53;-13.02;9.93;5.77
