index;minor;major
3;12.2;17.0
4;11.6;17.9
5;11.2;16.9
6;10.9;18.0
7;9.2;18.8
8;8.8;18.8
9;9.9;18.4
10;11.5;16.9
11;13.1;18.0
12;12.2;16.0
13;11.4;18.1
14;11.6;17.2
15;11.8;17.7
16;11.5;18.1
17;9.9;17.3
18;10.4;17.4
19;11.9;16.4
20;12.5;16.9
21;12.6;17.7
22;12.6;15.7
23;12.5;17.0
24;12.1;16.5
25;11.4;18.0
26;9.9;18.1
27;9.5;18.3
28;10.6;18.1
29;11.4;17.6
30;12.9;16.6
31;14.2;17.6
32;14.2;16.3
33;13.7;17.9
34;12.7;18.6
35;12.0;16.2
36;11.2;17.4
37;10.3;17.4
38;11.2;18.0
39;12.6;17.6
40;13.2;18.3
41;12.7;17.1
42;11.8;19.3
43;10.9;17.2
44;10.9;18.5
45;10.3;17.6
46;9.7;16.8
47;10.2;19.3
48;11.2;18.1
49;13.0;19.0
50;13.9;20.2
51;14.7;20.2
52;15.1;19.4
53;14.2;18.6
54;12.9;15.4
55;12.4;17.2
56;11.2;19.5
57;10.0;20.9
58;9.4;19.6
59;8.9;16.8
60;10.4;16.6
61;12.5;17.1
62;13.4;17.8
63;14.3;16.9
64;14.1;16.6
65;12.1;16.4
66;10.9;18.2
67;10.4;18.1
68;10.2;17.0
69;11.6;17.1
70;12.5;17.0
71;12.7;17.0
72;12.9;18.4
73;12.8;18.4
74;12.7;16.6
75;12.8;17.3
76;11.5;18.3
77;10.1;18.0
78;10.4;18.3
79;10.8;17.3
80;12.0;17.3
81;13.8;16.8
82;14.5;17.2
83;13.6;18.2
84;11.7;17.9
85;9.9;17.1
86;8.9;16.8
87;9.3;20.8
88;10.1;20.0
89;11.4;19.3
90;12.3;17.6
91;13.5;16.3
92;15.0;18.1
93;14.9;19.3
94;14.1;19.7
95;13.5;20.2
96;12.8;19.3
97;11.4;18.0
98;10.4;19.2
99;9.7;17.3
100;10.3;17.4
101;11.2;18.7
102;12.0;17.1
103;13.3;18.1
104;13.2;17.4
105;13.2;17.4
106;12.6;17.0
107;11.1;17.4
108;10.1;17.8
109;11.1;17.7
110;12.1;16.7
111;12.5;17.7
112;13.4;18.5
113;14.5;17.0
114;14.6;17.1
115;12.7;17.3
116;11.4;17.6
122;12.8;15.7
123;12.9;17.3
124;12.9;17.2
125;12.7;16.8
126;11.2;17.5
127;10.1;17.5
128;10.9;17.6
129;11.3;17.1
130;11.3;16.7
131;11.8;17.2
132;12.4;17.0
133;12.9;19.5
134;12.8;18.9
135;11.7;18.5
136;10.2;18.1
137;10.3;18.3
138;11.8;17.3
139;12.4;16.8
140;12.2;17.5
141;12.1;17.1
