index;step;shift;slide;rise;tilt;roll;twist
1;AT/AT;-0.10;-1.03;4.01;5.43;-2.16;37.18
2;TC/GA;1.01;-0.14;3.69;-0.26;-0.06;41.37
3;CA/TG;-0.74;0.31;2.99;7.62;11.30;28.88
4;AG/CT;1.46;-0.12;3.05;-5.40;-4.83;32.89
5;GA/TC;-0.64;0.25;3.56;3.08;-4.22;35.31
6;AA/TT;0.02;0.35;3.15;0.05;-4.17;35.11
7;AT/AT;0.60;-0.87;3.24;-0.53;2.30;37.32
8;TC/GA;0.53;-0.22;3.75;3.14;-4.37;39.76
9;CC/GG;-0.01;0.27;2.78;-2.89;5.13;33.12
10;CC/GG;0.26;-0.21;3.10;-0.34;1.44;30.90
11;CG/CG;0.27;2.10;3.41;1.30;7.13;41.23
12;GG/CC;-0.73;-0.43;3.15;-13.77;3.88;27.93
13;GT/AC;0.14;-0.37;3.42;10.37;2.04;49.66
14;TG/CA;0.56;-0.13;2.99;3.34;5.60;21.86
15;GC/GC;-1.32;0.39;3.55;-5.44;-3.45;38.74
16;CC/GG;1.26;2.32;3.52;7.11;-16.55;48.67
17;CG/CG;0.29;2.29;3.46;12.30;6.82;33.26
18;GA/TC;-0.97;1.85;3.05;-6.78;-2.26;43.78
19;AG/CT;0.93;1.56;2.66;-4.39;-0.22;37.65
20;GG/CC;0.14;-0.08;3.28;4.37;16.85;18.91
21;GC/GC;-0.70;0.54;3.47;-2.49;4.66;41.26
22;CC/GG;-0.42;-0.27;3.47;-5.79;10.96;33.32
23;CG/CG;0.45;0.38;2.71;-9.34;-2.16;36.55
24;GC/GC;0.48;-0.40;4.21;3.00;1.25;37.24
25;CT/AG;-1.64;-0.39;3.51;-5.26;3.91;30.91
26;TC/GA;0.94;2.08;3.82;11.57;-38.72;53.13
27;CA/TG;-0.10;1.30;3.01;-0.06;1.17;33.84
28;AA/TT;-0.06;0.03;3.06;-5.33;0.65;43.95
29;AT/AT;0.47;-0.71;3.00;3.66;-4.67;28.49
30;TT/AA;0.24;0.54;2.83;3.18;2.52;39.75
31;TG/CA;0.45;0.43;3.39;-1.65;13.22;33.14
32;GG/CC;-0.19;-0.47;3.54;7.48;12.94;28.28
33;GT/AC;-0.51;-0.37;3.56;-5.45;5.36;29.31
34;TC/GA;0.28;0.20;3.00;2.59;3.55;42.80
35;CG/CG;-0.02;0.33;2.90;2.64;5.28;32.67
36;GT/AC;0.06;0.55;3.71;-5.76;-18.56;34.18
37;TA/TA;0.77;2.59;3.99;18.23;-24.34;53.62
38;AG/CT;1.43;-0.10;3.51;4.33;6.96;25.40
39;GA/TC;0.22;0.19;3.26;-1.06;6.01;42.01
40;AC/GT;1.09;-0.65;3.42;-2.13;3.43;25.90
41;CA/TG;0.52;0.32;3.10;7.34;10.19;35.26
42;AG/CT;-1.26;-0.99;3.19;-3.28;6.60;38.46
43;GC/GC;0.25;-0.59;3.43;-0.52;5.86;37.05
44;CT/AG;-0.48;0.18;2.88;6.06;-2.95;31.28
45;TC/GA;0.60;1.31;3.09;1.79;-3.36;40.52
46;CT/AG;-1.34;0.44;4.17;-10.59;4.67;26.30
47;TA/TA;0.56;1.42;3.05;8.60;-22.63;48.06
48;AG/CT;0.02;0.18;3.16;-7.03;-5.40;36.80
49;GC/GC;0.42;-0.66;3.29;15.91;5.86;28.42
50;CA/TG;0.03;-0.61;4.38;0.73;23.08;28.00
51;AC/GT;-0.21;-0.14;3.01;-5.64;7.83;35.02
52;CC/GG;0.43;-0.84;3.08;0.29;10.53;21.80
53;CG/CG;-0.37;0.88;3.16;-4.28;12.71;23.74
54;GC/GC;-0.42;-0.07;3.82;-7.25;0.08;38.83
55;CT/AG;0.25;-0.35;3.56;-2.03;4.64;41.62
56;TT/AA;1.11;-0.14;3.28;7.72;-12.38;34.67
57;TA/TA;-0.92;0.55;2.92;-2.80;-18.09;31.34
58;AA/TT;0.87;-0.70;3.03;-0.55;-2.82;35.09
59;AA/TT;-0.24;-0.76;3.89;5.63;-3.84;35.87
60;AC/GT;-0.30;-0.62;3.13;-5.94;1.96;40.01
61;CG/CG;-0.14;0.42;3.70;1.03;14.15;37.67
62;GC/GC;-0.32;-0.10;2.88;-16.24;-7.21;28.04
63;CA/TG;0.01;0.65;3.41;17.79;8.81;41.59
64;AC/GT;-0.21;-0.36;3.62;-18.37;13.50;20.70
65;CG/CG;0.51;1.06;2.50;9.40;-4.63;43.61
66;GT/AC;-0.57;1.49;3.14;2.97;-7.26;42.10
67;TA/TA;1.22;1.33;2.83;-5.02;-12.99;31.35
68;AC/GT;-0.07;0.29;4.50;5.89;0.11;38.83
69;CG/CG;-1.01;0.47;3.55;-0.75;0.59;34.79
70;GC/GC;0.82;0.06;2.66;4.35;3.60;34.85
71;CG/CG;-0.13;0.22;3.41;-9.71;3.99;38.01
72;GC/GC;-0.30;-1.18;3.70;-5.82;0.75;31.05
73;CT/AG;0.18;-0.91;3.57;0.60;0.26;33.49
74;TG/CA;0.35;-0.01;3.68;12.68;1.47;32.67
75;GT/AC;-0.26;0.10;3.39;-6.42;6.86;36.42
76;TC/GA;-0.22;0.17;3.77;-3.09;3.62;39.78
77;CC/GG;0.32;0.43;3.51;4.91;-14.68;35.51
78;CC/GG;-0.71;1.43;3.21;-2.43;-12.47;35.87
79;CC/GG;0.84;1.06;2.98;6.74;-3.69;42.00
80;CC/GG;-0.55;0.40;3.47;-9.33;5.73;33.41
81;CG/CG;0.50;0.62;3.50;11.86;5.54;33.44
82;GC/GC;-0.18;0.73;2.54;2.90;10.22;33.01
83;CG/CG;-0.94;0.27;3.93;-11.56;21.32;31.68
84;GT/AC;0.00;-0.58;3.72;-4.88;-9.44;31.88
85;TT/AA;-0.16;-0.80;3.12;5.71;-5.83;35.51
86;TT/AA;-0.25;-0.70;3.32;2.06;-1.43;43.11
87;TT/AA;-0.24;-0.48;3.19;9.19;-10.98;36.38
88;TA/TA;0.52;0.87;3.37;4.69;-1.95;34.01
89;AA/TT;-1.29;-0.04;3.34;-9.17;3.43;31.42
90;AC/GT;-0.04;0.43;3.82;-5.13;-1.77;39.43
91;CC/GG;1.44;-0.28;2.97;-2.44;12.01;22.07
92;CG/CG;-0.90;1.10;3.70;-10.76;4.89;40.10
93;GC/GC;0.49;-0.31;3.03;2.03;11.34;43.30
94;CC/GG;-0.40;-0.08;2.87;8.00;3.40;19.95
95;CA/TG;-0.32;-0.33;3.24;-7.02;15.26;34.65
96;AA/TT;-0.72;-0.30;2.68;-5.73;-2.41;26.59
97;AG/CT;-0.33;0.19;3.41;3.54;-7.51;34.90
98;GG/CC;-0.48;1.01;4.28;7.11;-2.76;39.80
99;GG/CC;0.67;1.66;4.46;12.62;9.62;34.63
100;GG/CC;-0.11;2.19;1.89;-19.37;-0.26;30.60
101;GA/TC;-1.09;0.25;3.58;-16.51;-0.94;44.11
102;AT/AT;-0.08;-1.20;3.19;-1.31;3.69;28.25
103;TT/AA;0.05;-1.01;3.97;-3.54;6.06;36.94
104;TA/TA;-0.71;-0.23;3.38;-1.91;2.42;35.25
105;AC/GT;0.47;-0.99;3.74;-3.64;-6.23;33.68
106;CT/AG;-0.39;-0.37;3.34;12.44;-1.94;34.35
107;TC/GA;-0.05;0.26;3.54;-4.79;-0.69;31.90
108;CC/GG;-0.28;0.75;3.18;6.62;-18.64;43.04
109;CC/GG;0.46;0.44;3.04;1.77;-2.31;35.33
110;CT/AG;0.20;0.56;2.54;6.66;-1.33;36.59
111;TA/TA;-0.56;0.84;3.12;-7.38;7.09;39.36
112;AG/CT;0.67;-0.62;3.13;-8.31;-0.05;31.34
113;GT/AC;-0.26;-0.88;3.54;7.30;3.87;30.49
114;TC/GA;0.29;-0.56;3.87;-12.99;19.34;34.32
115;CT/AG;-0.91;-0.20;3.03;12.37;-2.41;34.88
116;TC/GA;0.60;-0.21;3.67;-10.48;-2.70;38.72
117;CC/GG;0.13;0.43;2.19;15.13;-1.38;37.89
118;CA/TG;-0.83;1.60;2.83;-8.07;-16.90;37.30
120;GC/GC;0.50;-0.19;3.78;-9.23;-1.99;39.58
121;CA/TG;-0.90;0.24;2.66;14.96;-4.91;35.75
122;AC/GT;0.89;-0.55;3.08;1.94;0.01;29.48
123;CG/CG;0.38;-0.25;3.48;-5.60;15.70;31.67
124;GT/AC;-0.03;-0.65;3.76;4.32;10.41;39.59
125;TG/CA;-1.41;0.53;3.39;-3.98;0.58;31.34
126;GT/AC;0.24;0.64;3.43;-2.96;-6.92;38.08
127;TC/GA;0.48;2.36;3.21;10.94;-18.88;51.47
128;CA/TG;-0.38;1.98;3.47;-6.06;3.41;38.55
129;AG/CT;0.58;0.13;3.26;-1.05;1.73;35.60
130;GA/TC;-0.64;0.24;3.49;0.35;1.71;30.02
131;AT/AT;-0.16;-0.73;3.20;-5.05;1.21;33.91
132;TA/TA;0.06;0.09;3.32;-1.21;9.38;35.32
133;AT/AT;-0.27;-0.12;3.65;-2.82;-5.51;37.97
134;TA/TA;0.18;-0.82;2.63;0.58;3.26;29.38
135;AT/AT;-0.40;-0.81;3.27;2.50;2.18;37.35
136;TA/TA;-1.35;-0.74;3.73;-0.49;4.55;26.69
137;AC/GT;-0.04;-0.52;3.38;-1.88;-9.19;39.72
138;CA/TG;-0.49;0.20;3.65;2.69;8.13;35.62
139;AT/AT;0.32;0.32;3.05;0.28;-1.35;32.62
140;TC/GA;0.56;1.59;3.32;1.46;-5.85;45.38
141;CG/CG;0.11;0.54;2.80;-5.86;9.53;27.93
142;GA/TC;-0.60;-0.44;3.63;4.45;5.69;41.16
143;AT/AT;0.33;-0.26;3.03;-4.17;-7.48;42.07
