1;AT/AT;-0.03;-0.68;3.11;-2.41;12.87;19.64
2;TC/GA;0.11;1.00;3.05;8.24;2.11;41.07
3;CA/TG;-0.30;0.11;3.61;2.36;23.29;29.94
4;AG/CT;1.31;-0.28;3.09;-2.60;6.17;27.85
5;GA/TC;-0.67;0.55;3.54;1.48;-2.96;41.50
6;AA/TT;0.62;0.53;3.02;-4.82;7.81;37.43
7;AT/AT;-1.31;0.26;3.24;5.09;5.78;27.33
8;TC/GA;-0.05;0.69;3.40;-4.90;-0.06;42.77
9;CC/GG;0.97;-0.29;3.44;2.77;5.92;35.05
10;CC/GG;0.59;-0.17;3.51;3.43;13.06;34.67
11;CG/CG;0.15;0.26;3.25;1.04;15.94;27.23
12;GG/CC;-0.56;0.67;3.28;1.04;9.82;34.62
13;GT/AC;0.31;-0.05;3.44;-1.18;7.37;31.71
14;TG/CA;0.12;0.68;3.43;3.09;7.28;36.87
15;GC/GC;0.29;0.43;3.99;-3.91;-2.70;42.63
16;CC/GG;-0.23;1.96;3.58;0.66;-14.68;42.08
17;CG/CG;0.71;1.36;3.31;10.66;4.33;28.54
18;GA/TC;-0.42;1.36;3.56;-3.43;2.47;43.60
19;AG/CT;-0.09;0.07;2.62;-9.84;10.35;20.86
20;GG/CC;-0.22;-0.32;3.15;-5.12;-5.96;36.18
21;GC/GC;-0.55;-0.53;3.56;-1.11;5.59;46.33
22;CC/GG;0.03;0.74;3.04;8.61;3.41;30.45
23;CG/CG;-0.28;0.35;4.22;0.76;20.63;43.14
24;GC/GC;0.98;0.92;2.64;0.98;-0.54;35.64
25;CT/AG;-0.45;1.42;2.96;1.48;9.29;27.24
26;TC/GA;0.21;1.75;3.41;4.52;-5.59;46.13
27;CA/TG;0.72;2.63;3.33;-1.89;-6.02;40.83
28;AA/TT;-0.34;1.29;3.88;-2.55;1.47;34.05
29;AT/AT;0.32;-0.13;3.45;0.72;-3.55;41.13
30;TT/AA;0.08;-0.49;3.90;6.76;13.45;37.72
31;TG/CA;0.89;-0.26;3.18;-4.91;25.02;22.11
32;GG/CC;-0.13;-0.17;3.23;5.65;8.70;32.24
33;GT/AC;-1.41;-0.68;3.14;0.04;0.26;26.90
34;TC/GA;1.00;0.30;3.61;-2.35;-6.94;44.47
35;CG/CG;0.32;0.32;2.85;2.89;-3.05;29.95
36;GT/AC;0.04;-0.05;3.53;8.73;-1.49;43.17
37;TA/TA;0.85;1.04;3.92;2.45;-14.18;44.59
38;AG/CT;0.01;-0.07;3.15;0.42;7.12;23.98
39;GA/TC;-0.43;1.28;3.09;-4.04;1.90;48.53
40;AC/GT;0.97;0.04;2.87;7.11;3.08;26.35
41;CA/TG;-0.29;-0.64;4.12;-4.81;11.75;41.91
42;AG/CT;-0.28;-0.56;3.35;-2.29;10.74;37.65
43;GC/GC;-0.57;0.35;3.06;-0.66;0.91;33.89
44;CT/AG;0.94;-0.61;3.70;0.46;-0.92;30.97
45;TC/GA;-0.16;-0.61;3.20;2.45;7.22;32.30
46;CT/AG;-0.04;-0.06;3.24;4.53;16.56;36.28
47;TA/TA;0.08;3.65;3.79;-1.77;-41.23;45.33
48;AG/CT;0.73;0.02;3.88;-1.16;8.19;31.45
49;GC/GC;0.26;0.37;3.42;2.05;5.62;40.30
50;CA/TG;0.59;-0.84;3.46;3.44;17.31;15.41
51;AC/GT;-0.51;0.17;2.77;3.72;3.67;32.65
52;CC/GG;0.36;-0.86;3.61;-3.88;15.00;39.53
53;CG/CG;-0.13;-0.77;2.98;-1.54;17.65;22.37
54;GC/GC;-0.44;-0.39;3.97;-4.81;3.35;41.20
55;CT/AG;-0.81;-0.36;3.06;5.98;2.88;33.82
56;TT/AA;1.22;1.32;3.10;4.58;-4.26;39.03
57;TA/TA;0.02;1.79;3.52;-1.15;-13.86;42.66
58;AA/TT;-1.50;0.50;3.21;-2.93;-2.27;34.50
59;AA/TT;0.09;-0.31;3.31;1.38;7.89;39.02
60;AC/GT;0.78;0.97;2.86;7.78;8.52;25.86
61;CG/CG;-0.26;0.46;3.18;-19.63;5.32;37.03
62;GC/GC;0.10;-0.48;3.98;12.81;-1.74;41.05
63;CA/TG;-0.15;0.40;3.72;5.21;23.73;26.48
64;AC/GT;-0.46;1.38;2.45;-3.15;0.58;31.92
65;CG/CG;-0.28;-0.03;4.07;0.42;21.58;39.98
66;GT/AC;-1.45;0.80;3.86;-0.81;-4.44;43.46
67;TA/TA;1.35;1.22;3.23;4.08;-6.67;42.01
68;AC/GT;-0.31;0.53;3.32;-10.66;-10.86;33.60
69;CG/CG;0.28;0.47;2.80;4.19;1.08;34.03
70;GC/GC;0.42;-0.10;2.93;5.56;12.40;23.31
71;CG/CG;0.02;0.56;3.66;1.44;10.14;43.72
72;GC/GC;-0.20;-0.68;3.41;0.31;5.82;31.06
73;CT/AG;1.11;0.08;3.63;4.76;12.29;35.74
74;TG/CA;0.48;0.98;3.46;-1.11;14.35;33.78
75;GT/AC;-0.43;1.09;2.67;1.37;3.51;20.70
76;TC/GA;0.28;1.54;3.75;-0.09;-4.15;41.52
77;CC/GG;-0.80;0.65;3.26;5.19;0.03;38.82
78;CC/GG;1.62;1.07;3.71;1.28;-6.35;33.08
79;CC/GG;-0.17;0.56;3.16;3.26;-8.04;41.97
80;CC/GG;-0.79;-0.88;3.65;-5.86;12.74;29.64
81;CG/CG;-0.23;-0.25;3.69;4.62;18.87;34.69
82;GC/GC;-0.08;0.07;3.05;-8.22;5.75;34.12
83;CG/CG;-0.03;0.19;3.45;4.39;6.85;39.81
84;GT/AC;-0.91;0.11;3.35;-3.78;4.69;32.09
85;TT/AA;1.14;0.19;3.13;3.05;-0.63;36.91
86;TT/AA;0.11;-0.11;3.57;5.34;3.45;36.16
87;TT/AA;-0.06;0.16;3.39;10.45;9.24;29.64
88;TA/TA;-0.73;2.15;3.55;-7.60;-10.86;41.39
89;AA/TT;-0.85;0.62;3.10;-4.36;0.48;38.19
90;AC/GT;0.41;0.32;3.17;-6.13;0.36;41.33
91;CC/GG;0.06;-0.96;3.84;3.27;6.02;33.51
92;CG/CG;-0.47;-0.54;3.05;-3.76;3.93;22.40
93;GC/GC;0.22;-0.77;3.30;2.21;13.16;33.42
94;CC/GG;0.69;0.37;3.61;6.86;11.03;29.81
95;CA/TG;-0.08;0.08;3.26;0.45;15.32;22.25
96;AA/TT;-0.78;0.62;3.97;3.38;-3.45;44.03
97;AG/CT;1.19;1.42;3.21;-5.80;0.34;41.28
98;GG/CC;-0.49;1.13;3.26;-2.94;-8.89;36.89
99;GG/CC;1.17;0.21;3.74;8.07;2.40;29.88
100;GG/CC;-0.90;1.10;3.63;1.41;13.24;34.51
101;GA/TC;-0.58;1.24;2.82;-11.43;0.82;41.59
102;AT/AT;0.32;-0.60;3.40;-2.04;7.34;30.37
103;TT/AA;0.16;-0.55;3.80;2.95;6.46;37.41
104;TA/TA;0.76;1.45;3.26;0.60;17.81;36.72
105;AC/GT;0.05;0.70;3.61;-2.86;14.91;21.07
106;CT/AG;0.05;1.12;3.18;4.50;-9.57;40.35
107;TC/GA;0.34;0.83;3.25;8.66;2.28;23.91
108;CC/GG;0.91;2.21;3.66;2.33;-8.52;50.80
109;CC/GG;-0.42;0.35;3.92;-6.83;2.06;40.84
110;CT/AG;-0.02;-0.05;2.83;-0.66;11.61;26.89
111;TA/TA;1.25;0.31;3.13;4.93;-4.15;38.43
112;AG/CT;-0.98;0.29;3.63;-1.29;5.35;31.25
113;GT/AC;-0.42;-0.25;3.43;-2.15;7.52;34.61
114;TC/GA;0.18;0.01;3.19;-2.54;14.79;34.18
115;CT/AG;0.44;-0.57;3.40;4.32;8.22;37.03
116;TC/GA;0.60;0.26;2.88;8.76;3.35;31.15
117;CC/GG;0.23;1.28;3.76;-0.63;2.78;42.53
118;CA/TG;0.82;0.65;3.15;-12.33;-15.24;31.12
119;AG/CT;-1.24;0.61;4.16;4.57;-7.87;33.63
120;GG/CC;1.47;0.79;2.80;-6.02;-8.18;45.80
121;GC/GC;-1.35;-0.72;4.15;0.66;10.41;36.45
122;CA/TG;-0.16;0.56;3.17;1.33;0.55;37.66
123;AC/GT;0.20;-0.85;3.67;-5.27;6.62;35.67
124;CG/CG;-0.22;0.78;3.36;4.09;2.01;40.86
125;GT/AC;0.22;0.14;2.84;-0.70;8.73;19.58
126;TG/CA;0.00;1.59;3.36;5.33;4.79;33.80
127;GT/AC;0.26;1.53;3.37;2.48;-8.16;42.93
128;TC/GA;1.49;1.57;3.20;7.93;-2.92;41.79
129;CA/TG;-1.11;1.10;3.72;-2.81;9.37;36.06
130;AG/CT;-0.61;0.33;3.21;-3.95;7.45;34.44
131;GA/TC;-0.16;0.44;3.31;-4.75;7.36;43.68
132;AT/AT;-1.17;0.39;4.04;5.12;9.60;25.38
133;TA/TA;1.87;1.55;3.27;2.36;7.60;41.46
134;AT/AT;0.17;-0.10;2.74;-3.65;16.06;21.94
135;TA/TA;-0.16;0.27;3.65;-5.84;13.66;38.42
136;AT/AT;0.86;-0.42;3.29;4.73;16.05;23.10
137;TA/TA;-1.29;1.28;3.21;0.76;1.76;41.44
138;AC/GT;1.07;-0.09;3.18;2.97;11.46;23.13
139;CA/TG;-0.65;0.67;3.76;-3.44;16.38;41.54
140;AT/AT;0.43;-0.51;3.42;-3.96;3.04;34.19
141;TC/GA;-0.59;-0.58;3.54;-4.46;3.13;38.71
142;CG/CG;-0.08;1.17;4.01;5.46;2.31;35.73
143;GA/TC;0.14;1.93;2.87;0.54;6.79;23.80
144;AT/AT;-3.07;1.96;4.53;-13.02;9.93;5.77
