index;minor_max;minor_min;minor_mean;major_max;major_min;major_mean
3;16.4;12.4;13.799999999999999;19.1;15.6;17.2
4;12.9;11.5;12.26;21.3;16.1;18.36
5;13.7;11.5;12.98;18.9;15.5;17.419999999999998
6;15.0;12.8;14.26;17.8;16.7;17.06
7;15.6;13.6;14.58;18.4;13.6;16.84
8;15.3;12.4;14.12;17.6;13.8;15.48
9;14.9;12.4;13.98;17.3;14.0;15.08
10;15.9;12.9;14.540000000000001;17.5;16.0;16.8
11;16.6;13.2;15.36;17.1;15.9;16.6
12;16.4;14.6;15.459999999999999;18.6;14.0;16.08
13;15.0;12.0;13.98;19.3;14.7;16.66
14;12.7;11.2;11.66;18.4;14.9;16.92
15;11.8;10.2;10.94;19.5;14.8;17.46
16;12.0;11.1;11.5;19.1;15.7;18.1
17;13.6;11.4;13.1;18.8;14.2;16.42
18;16.1;11.7;14.64;17.9;15.9;17.34
19;15.5;13.5;14.26;17.6;16.0;16.82
20;15.3;12.6;13.84;18.2;16.7;17.4
21;14.9;13.1;13.78;17.1;13.4;14.68
22;13.7;12.6;13.36;16.2;11.3;14.58
23;13.9;11.9;12.6;16.4;13.7;15.04
24;13.3;10.7;11.68;17.9;15.2;16.419999999999998
25;13.6;10.5;11.28;19.7;16.6;17.78
26;11.3;10.7;10.94;20.1;18.1;19.16
27;12.1;9.4;10.86;18.9;18.0;18.46
28;12.8;9.9;11.72;17.3;15.1;16.3
29;14.1;12.4;13.18;18.5;12.9;14.98
30;15.8;13.9;14.7;17.0;15.3;16.44
31;16.6;13.7;15.46;18.2;15.7;16.9
32;15.5;12.6;14.24;19.1;16.0;17.9
33;14.9;11.8;13.3;19.4;17.5;17.94
34;14.0;11.8;12.98;18.0;15.5;16.84
35;12.2;10.6;11.5;18.8;15.8;17.060000000000002
36;11.9;10.3;11.120000000000001;20.9;17.8;19.46
37;13.7;9.9;11.94;18.2;15.6;16.6
38;15.1;11.6;13.62;18.1;15.7;17.1
39;15.9;13.4;14.58;20.1;15.8;18.16
40;17.3;13.1;14.42;17.2;15.1;16.4
41;16.2;12.1;14.1;18.4;16.4;17.22
42;14.2;11.7;13.12;17.2;14.5;15.76
43;13.6;11.6;12.86;19.1;14.2;16.8
44;14.8;11.3;13.040000000000001;17.5;15.3;16.6
45;14.7;11.2;12.7;19.4;14.8;16.6
46;13.5;10.4;11.64;20.8;17.8;19.080000000000002
47;13.1;10.8;12.04;18.2;17.1;17.44
48;14.4;13.0;13.959999999999999;19.6;13.3;16.84
49;15.8;14.5;15.22;17.6;15.1;16.38
50;16.7;14.7;15.78;20.2;17.3;18.68
51;16.0;13.8;15.32;19.9;17.6;18.38
52;16.5;14.1;14.959999999999999;20.6;18.2;19.28
53;16.2;13.6;14.719999999999999;17.3;14.5;15.700000000000001
54;15.7;12.2;14.02;18.8;13.8;15.96
55;13.8;11.5;12.5;20.3;13.7;16.9
56;12.0;10.3;10.9;21.1;17.5;19.060000000000002
57;11.1;9.0;9.86;19.9;18.5;19.22
58;11.9;9.8;10.780000000000001;19.6;15.5;17.22
59;13.7;12.9;13.22;15.5;13.6;14.88
60;15.5;14.0;14.8;17.6;15.1;16.14
61;17.2;13.3;15.459999999999999;18.9;16.4;17.619999999999997
62;16.6;13.5;15.48;18.4;15.0;16.56
63;15.2;14.4;14.799999999999999;16.7;13.7;15.28
64;15.3;12.2;13.04;16.7;13.6;15.28
65;12.8;9.6;10.68;16.8;14.6;15.74
66;10.9;10.4;10.62;18.4;16.5;17.26
67;12.6;10.9;11.540000000000001;17.7;15.1;16.4
68;13.8;12.0;12.7;19.0;16.5;17.86
69;15.0;14.0;14.52;18.8;17.7;18.4
70;15.1;13.5;14.68;18.0;15.7;16.68
71;14.9;12.1;13.62;18.6;15.4;17.46
72;14.3;12.5;13.24;18.3;15.5;16.64
73;14.0;13.4;13.72;16.8;15.4;16.1
74;15.3;12.9;13.9;17.5;15.2;16.26
75;16.3;11.1;12.64;19.4;16.7;17.96
76;13.3;11.0;11.48;17.9;16.5;17.099999999999998
77;11.8;11.2;11.42;18.2;15.6;17.06
78;11.2;10.8;11.04;18.5;14.2;16.919999999999998
79;12.4;10.9;11.78;18.5;14.6;17.08
80;14.6;12.6;13.76;18.3;13.3;15.120000000000001
81;16.0;12.9;14.84;18.2;13.7;16.84
82;16.1;13.8;14.9;18.5;16.3;17.76
83;16.1;13.2;14.46;17.6;15.0;16.54
84;14.0;13.0;13.5;16.5;14.0;15.42
85;13.2;10.8;11.86;18.6;14.7;16.4
86;12.7;10.0;11.12;20.9;18.0;19.02
87;12.7;11.6;12.12;21.1;16.4;18.84
88;15.6;11.1;13.52;20.7;15.6;18.619999999999997
89;16.7;11.9;14.24;18.5;16.5;17.38
90;16.5;13.5;15.26;18.8;16.2;17.48
91;17.3;14.1;15.96;18.4;16.0;17.62
92;16.5;15.3;16.12;17.6;15.0;16.04
93;17.1;15.1;15.98;18.8;15.3;16.34
94;17.3;13.7;14.92;17.4;15.6;16.22
95;15.7;13.0;14.0;19.2;14.4;16.759999999999998
96;13.3;12.3;12.74;17.2;16.5;16.88
97;12.9;10.5;12.08;20.6;16.7;18.68
98;12.9;10.4;11.94;19.0;16.6;18.12
99;13.9;10.8;11.92;19.3;17.0;18.26
100;14.0;11.2;12.66;17.9;15.5;16.86
101;14.4;12.0;13.48;17.0;13.1;15.34
102;15.1;13.4;14.02;17.7;15.4;16.22
103;15.2;13.9;14.5;18.2;16.2;17.12
104;16.6;14.3;15.74;17.6;16.1;16.96
105;17.7;13.6;16.0;17.4;14.1;16.2
106;15.2;13.0;13.94;17.3;15.9;16.52
107;12.6;11.0;11.6;19.6;17.1;18.540000000000003
108;11.4;11.0;11.18;18.4;15.5;16.36
109;12.4;11.9;12.12;18.3;15.8;17.08
110;13.1;12.0;12.799999999999999;18.7;16.3;17.12
111;15.6;13.0;14.32;18.3;14.6;15.959999999999999
112;17.1;13.7;15.4;15.8;13.0;14.040000000000001
113;16.5;13.9;15.0;18.7;14.8;16.8
114;15.9;12.7;14.14;17.7;15.9;16.66
115;14.6;12.3;13.38;17.8;14.0;16.04
116;13.1;11.4;12.28;19.3;17.4;18.56
117;11.9;10.5;11.38;21.6;16.4;18.98
118;12.3;10.3;11.36;20.9;17.0;19.02
119;11.1;10.0;10.48;19.7;15.1;17.84
120;11.4;10.1;10.58;17.0;15.9;16.38
121;13.4;10.9;12.36;16.4;14.3;15.139999999999999
122;15.7;11.9;14.24;18.0;14.9;15.96
123;17.0;13.1;15.1;18.3;16.2;17.36
124;16.2;13.7;14.799999999999999;17.1;14.9;16.38
125;15.3;12.5;13.56;17.4;15.7;16.4
126;14.3;9.7;11.36;19.4;15.0;17.22
127;11.1;10.0;10.34;20.3;14.8;17.66
128;11.4;10.6;11.0;19.2;14.9;16.78
129;12.1;11.1;11.74;19.9;15.8;17.48
130;13.3;11.8;12.58;19.3;15.1;16.82
131;16.2;12.5;13.879999999999999;18.9;13.7;17.44
132;17.1;12.1;14.66;16.7;14.6;15.8
133;16.0;13.4;14.9;18.5;15.8;17.22
134;15.8;14.3;15.2;19.1;14.5;16.7
135;17.4;14.2;16.06;18.4;16.8;18.04
136;18.2;14.9;16.52;19.2;16.5;17.84
137;16.8;14.9;16.0;20.9;16.1;18.7
138;14.8;13.1;14.26;18.6;15.2;17.48
139;13.4;11.1;12.52;17.4;15.8;16.64
140;14.1;12.2;13.299999999999999;17.6;14.2;16.5
141;13.0;13.0;13.0;18.4;18.4;18.4
142;15.6;15.6;15.6;19.7;19.7;19.7
